-- phpMyAdmin SQL Dump
-- version 5.2.1
-- https://www.phpmyadmin.net/
--
-- Host: 127.0.0.1
-- Generation Time: Feb 18, 2025 at 04:06 PM
-- Server version: 10.4.32-MariaDB
-- PHP Version: 8.2.12

SET SQL_MODE = "NO_AUTO_VALUE_ON_ZERO";
START TRANSACTION;
SET time_zone = "+00:00";


/*!40101 SET @OLD_CHARACTER_SET_CLIENT=@@CHARACTER_SET_CLIENT */;
/*!40101 SET @OLD_CHARACTER_SET_RESULTS=@@CHARACTER_SET_RESULTS */;
/*!40101 SET @OLD_COLLATION_CONNECTION=@@COLLATION_CONNECTION */;
/*!40101 SET NAMES utf8mb4 */;

--
-- Database: `train_ticketing_system`
--

DELIMITER $$
--
-- Procedures
--
CREATE DEFINER=`root`@`localhost` PROCEDURE `InsertSeats` ()   BEGIN
    DECLARE comp_id INT;
    DECLARE seat_num INT;
    DECLARE max_comp_id INT;
    DECLARE counter INT DEFAULT 1;

    -- Get the maximum compartment ID
    SELECT MAX(id) INTO max_comp_id FROM compartments;

    -- Loop through each compartment
    WHILE counter <= max_comp_id DO
        -- Check if the compartment ID exists
        IF EXISTS (SELECT 1 FROM compartments WHERE id = counter) THEN
            SET seat_num = 1;
            -- Insert 50 seats for the current compartment
            WHILE seat_num <= 50 DO
                INSERT INTO seats (compartment_id, seat_number) VALUES (counter, seat_num);
                SET seat_num = seat_num + 1;
            END WHILE;
        END IF;
        SET counter = counter + 1;
    END WHILE;
END$$

DELIMITER ;

-- --------------------------------------------------------

--
-- Table structure for table `compartments`
--

CREATE TABLE `compartments` (
  `compartment_id` int(11) NOT NULL,
  `train_id` int(11) NOT NULL,
  `compartment_number` int(11) NOT NULL
) ENGINE=InnoDB DEFAULT CHARSET=utf8mb4 COLLATE=utf8mb4_general_ci;

--
-- Dumping data for table `compartments`
--

INSERT INTO `compartments` (`compartment_id`, `train_id`, `compartment_number`) VALUES
(101, 1, 1),
(102, 1, 2),
(103, 1, 3),
(104, 1, 4),
(105, 1, 5),
(106, 1, 6),
(107, 1, 7),
(108, 1, 8),
(109, 1, 9),
(110, 1, 10),
(111, 2, 1),
(112, 2, 2),
(113, 2, 3),
(114, 2, 4),
(115, 2, 5),
(116, 2, 6),
(117, 2, 7),
(118, 2, 8),
(119, 2, 9),
(120, 2, 10),
(121, 3, 1),
(122, 3, 2),
(123, 3, 3),
(124, 3, 4),
(125, 3, 5),
(126, 3, 6),
(127, 3, 7),
(128, 3, 8),
(129, 3, 9),
(130, 3, 10),
(131, 4, 1),
(132, 4, 2),
(133, 4, 3),
(134, 4, 4),
(135, 4, 5),
(136, 4, 6),
(137, 4, 7),
(138, 4, 8),
(139, 4, 9),
(140, 4, 10),
(141, 5, 1),
(142, 5, 2),
(143, 5, 3),
(144, 5, 4),
(145, 5, 5),
(146, 5, 6),
(147, 5, 7),
(148, 5, 8),
(149, 5, 9),
(150, 5, 10),
(151, 6, 1),
(152, 6, 2),
(153, 6, 3),
(154, 6, 4),
(155, 6, 5),
(156, 6, 6),
(157, 6, 7),
(158, 6, 8),
(159, 6, 9),
(160, 6, 10),
(161, 7, 1),
(162, 7, 2),
(163, 7, 3),
(164, 7, 4),
(165, 7, 5),
(166, 7, 6),
(167, 7, 7),
(168, 7, 8),
(169, 7, 9),
(170, 7, 10),
(171, 8, 1),
(172, 8, 2),
(173, 8, 3),
(174, 8, 4),
(175, 8, 5),
(176, 8, 6),
(177, 8, 7),
(178, 8, 8),
(179, 8, 9),
(180, 8, 10),
(181, 9, 1),
(182, 9, 2),
(183, 9, 3),
(184, 9, 4),
(185, 9, 5),
(186, 9, 6),
(187, 9, 7),
(188, 9, 8),
(189, 9, 9),
(190, 9, 10),
(191, 10, 1),
(192, 10, 2),
(193, 10, 3),
(194, 10, 4),
(195, 10, 5),
(196, 10, 6),
(197, 10, 7),
(198, 10, 8),
(199, 10, 9),
(200, 10, 10);

-- --------------------------------------------------------

--
-- Table structure for table `reservations`
--

CREATE TABLE `reservations` (
  `id` int(11) NOT NULL,
  `user_id` int(11) NOT NULL,
  `train_id` int(11) NOT NULL,
  `compartment_id` int(11) NOT NULL,
  `seat_number` int(11) NOT NULL,
  `reservation_date` date NOT NULL,
  `reservation_time` timestamp NOT NULL DEFAULT current_timestamp(),
  `status` enum('pending','paid','cancelled') DEFAULT 'pending'
) ENGINE=InnoDB DEFAULT CHARSET=utf8mb4 COLLATE=utf8mb4_general_ci;

--
-- Dumping data for table `reservations`
--

INSERT INTO `reservations` (`id`, `user_id`, `train_id`, `compartment_id`, `seat_number`, `reservation_date`, `reservation_time`, `status`) VALUES
(8, 1, 101, 2, 15, '2024-02-12', '2025-02-11 22:26:48', 'pending');

-- --------------------------------------------------------

--
-- Table structure for table `seats`
--

CREATE TABLE `seats` (
  `id` int(11) NOT NULL,
  `compartment_id` int(11) NOT NULL,
  `seat_number` int(11) NOT NULL
) ENGINE=InnoDB DEFAULT CHARSET=utf8mb4 COLLATE=utf8mb4_general_ci;

--
-- Dumping data for table `seats`
--

INSERT INTO `seats` (`id`, `compartment_id`, `seat_number`) VALUES
(2, 101, 1),
(3, 101, 2),
(4, 101, 3),
(5, 101, 4),
(6, 101, 5),
(7, 101, 6),
(8, 101, 7),
(9, 101, 8),
(10, 101, 9),
(11, 101, 10),
(12, 101, 11),
(13, 101, 12),
(14, 101, 13),
(15, 101, 14),
(16, 101, 15),
(17, 101, 16),
(18, 101, 17),
(19, 101, 18),
(20, 101, 19),
(21, 101, 20),
(22, 101, 21),
(23, 101, 22),
(24, 101, 23),
(25, 101, 24),
(26, 101, 25),
(27, 101, 26),
(28, 101, 27),
(29, 101, 28),
(30, 101, 29),
(31, 101, 30),
(32, 101, 31),
(33, 101, 32),
(34, 101, 33),
(35, 101, 34),
(36, 101, 35),
(37, 101, 36),
(38, 101, 37),
(39, 101, 38),
(40, 101, 39),
(41, 101, 40),
(42, 101, 41),
(43, 101, 42),
(44, 101, 43),
(45, 101, 44),
(46, 101, 45),
(47, 101, 46),
(48, 101, 47),
(49, 101, 48),
(50, 101, 49),
(51, 101, 50),
(52, 102, 1),
(53, 102, 2),
(54, 102, 3),
(55, 102, 4),
(56, 102, 5),
(57, 102, 6),
(58, 102, 7),
(59, 102, 8),
(60, 102, 9),
(61, 102, 10),
(62, 102, 11),
(63, 102, 12),
(64, 102, 13),
(65, 102, 14),
(66, 102, 15),
(67, 102, 16),
(68, 102, 17),
(69, 102, 18),
(70, 102, 19),
(71, 102, 20),
(72, 102, 21),
(73, 102, 22),
(74, 102, 23),
(75, 102, 24),
(76, 102, 25),
(77, 102, 26),
(78, 102, 27),
(79, 102, 28),
(80, 102, 29),
(81, 102, 30),
(82, 102, 31),
(83, 102, 32),
(84, 102, 33),
(85, 102, 34),
(86, 102, 35),
(87, 102, 36),
(88, 102, 37),
(89, 102, 38),
(90, 102, 39),
(91, 102, 40),
(92, 102, 41),
(93, 102, 42),
(94, 102, 43),
(95, 102, 44),
(96, 102, 45),
(97, 102, 46),
(98, 102, 47),
(99, 102, 48),
(100, 102, 49),
(101, 102, 50),
(102, 103, 1),
(103, 103, 2),
(104, 103, 3),
(105, 103, 4),
(106, 103, 5),
(107, 103, 6),
(108, 103, 7),
(109, 103, 8),
(110, 103, 9),
(111, 103, 10),
(112, 103, 11),
(113, 103, 12),
(114, 103, 13),
(115, 103, 14),
(116, 103, 15),
(117, 103, 16),
(118, 103, 17),
(119, 103, 18),
(120, 103, 19),
(121, 103, 20),
(122, 103, 21),
(123, 103, 22),
(124, 103, 23),
(125, 103, 24),
(126, 103, 25),
(127, 103, 26),
(128, 103, 27),
(129, 103, 28),
(130, 103, 29),
(131, 103, 30),
(132, 103, 31),
(133, 103, 32),
(134, 103, 33),
(135, 103, 34),
(136, 103, 35),
(137, 103, 36),
(138, 103, 37),
(139, 103, 38),
(140, 103, 39),
(141, 103, 40),
(142, 103, 41),
(143, 103, 42),
(144, 103, 43),
(145, 103, 44),
(146, 103, 45),
(147, 103, 46),
(148, 103, 47),
(149, 103, 48),
(150, 103, 49),
(151, 103, 50),
(152, 104, 1),
(153, 104, 2),
(154, 104, 3),
(155, 104, 4),
(156, 104, 5),
(157, 104, 6),
(158, 104, 7),
(159, 104, 8),
(160, 104, 9),
(161, 104, 10),
(162, 104, 11),
(163, 104, 12),
(164, 104, 13),
(165, 104, 14),
(166, 104, 15),
(167, 104, 16),
(168, 104, 17),
(169, 104, 18),
(170, 104, 19),
(171, 104, 20),
(172, 104, 21),
(173, 104, 22),
(174, 104, 23),
(175, 104, 24),
(176, 104, 25),
(177, 104, 26),
(178, 104, 27),
(179, 104, 28),
(180, 104, 29),
(181, 104, 30),
(182, 104, 31),
(183, 104, 32),
(184, 104, 33),
(185, 104, 34),
(186, 104, 35),
(187, 104, 36),
(188, 104, 37),
(189, 104, 38),
(190, 104, 39),
(191, 104, 40),
(192, 104, 41),
(193, 104, 42),
(194, 104, 43),
(195, 104, 44),
(196, 104, 45),
(197, 104, 46),
(198, 104, 47),
(199, 104, 48),
(200, 104, 49),
(201, 104, 50),
(202, 105, 1),
(203, 105, 2),
(204, 105, 3),
(205, 105, 4),
(206, 105, 5),
(207, 105, 6),
(208, 105, 7),
(209, 105, 8),
(210, 105, 9),
(211, 105, 10),
(212, 105, 11),
(213, 105, 12),
(214, 105, 13),
(215, 105, 14),
(216, 105, 15),
(217, 105, 16),
(218, 105, 17),
(219, 105, 18),
(220, 105, 19),
(221, 105, 20),
(222, 105, 21),
(223, 105, 22),
(224, 105, 23),
(225, 105, 24),
(226, 105, 25),
(227, 105, 26),
(228, 105, 27),
(229, 105, 28),
(230, 105, 29),
(231, 105, 30),
(232, 105, 31),
(233, 105, 32),
(234, 105, 33),
(235, 105, 34),
(236, 105, 35),
(237, 105, 36),
(238, 105, 37),
(239, 105, 38),
(240, 105, 39),
(241, 105, 40),
(242, 105, 41),
(243, 105, 42),
(244, 105, 43),
(245, 105, 44),
(246, 105, 45),
(247, 105, 46),
(248, 105, 47),
(249, 105, 48),
(250, 105, 49),
(251, 105, 50),
(252, 106, 1),
(253, 106, 2),
(254, 106, 3),
(255, 106, 4),
(256, 106, 5),
(257, 106, 6),
(258, 106, 7),
(259, 106, 8),
(260, 106, 9),
(261, 106, 10),
(262, 106, 11),
(263, 106, 12),
(264, 106, 13),
(265, 106, 14),
(266, 106, 15),
(267, 106, 16),
(268, 106, 17),
(269, 106, 18),
(270, 106, 19),
(271, 106, 20),
(272, 106, 21),
(273, 106, 22),
(274, 106, 23),
(275, 106, 24),
(276, 106, 25),
(277, 106, 26),
(278, 106, 27),
(279, 106, 28),
(280, 106, 29),
(281, 106, 30),
(282, 106, 31),
(283, 106, 32),
(284, 106, 33),
(285, 106, 34),
(286, 106, 35),
(287, 106, 36),
(288, 106, 37),
(289, 106, 38),
(290, 106, 39),
(291, 106, 40),
(292, 106, 41),
(293, 106, 42),
(294, 106, 43),
(295, 106, 44),
(296, 106, 45),
(297, 106, 46),
(298, 106, 47),
(299, 106, 48),
(300, 106, 49),
(301, 106, 50),
(302, 107, 1),
(303, 107, 2),
(304, 107, 3),
(305, 107, 4),
(306, 107, 5),
(307, 107, 6),
(308, 107, 7),
(309, 107, 8),
(310, 107, 9),
(311, 107, 10),
(312, 107, 11),
(313, 107, 12),
(314, 107, 13),
(315, 107, 14),
(316, 107, 15),
(317, 107, 16),
(318, 107, 17),
(319, 107, 18),
(320, 107, 19),
(321, 107, 20),
(322, 107, 21),
(323, 107, 22),
(324, 107, 23),
(325, 107, 24),
(326, 107, 25),
(327, 107, 26),
(328, 107, 27),
(329, 107, 28),
(330, 107, 29),
(331, 107, 30),
(332, 107, 31),
(333, 107, 32),
(334, 107, 33),
(335, 107, 34),
(336, 107, 35),
(337, 107, 36),
(338, 107, 37),
(339, 107, 38),
(340, 107, 39),
(341, 107, 40),
(342, 107, 41),
(343, 107, 42),
(344, 107, 43),
(345, 107, 44),
(346, 107, 45),
(347, 107, 46),
(348, 107, 47),
(349, 107, 48),
(350, 107, 49),
(351, 107, 50),
(352, 108, 1),
(353, 108, 2),
(354, 108, 3),
(355, 108, 4),
(356, 108, 5),
(357, 108, 6),
(358, 108, 7),
(359, 108, 8),
(360, 108, 9),
(361, 108, 10),
(362, 108, 11),
(363, 108, 12),
(364, 108, 13),
(365, 108, 14),
(366, 108, 15),
(367, 108, 16),
(368, 108, 17),
(369, 108, 18),
(370, 108, 19),
(371, 108, 20),
(372, 108, 21),
(373, 108, 22),
(374, 108, 23),
(375, 108, 24),
(376, 108, 25),
(377, 108, 26),
(378, 108, 27),
(379, 108, 28),
(380, 108, 29),
(381, 108, 30),
(382, 108, 31),
(383, 108, 32),
(384, 108, 33),
(385, 108, 34),
(386, 108, 35),
(387, 108, 36),
(388, 108, 37),
(389, 108, 38),
(390, 108, 39),
(391, 108, 40),
(392, 108, 41),
(393, 108, 42),
(394, 108, 43),
(395, 108, 44),
(396, 108, 45),
(397, 108, 46),
(398, 108, 47),
(399, 108, 48),
(400, 108, 49),
(401, 108, 50),
(402, 109, 1),
(403, 109, 2),
(404, 109, 3),
(405, 109, 4),
(406, 109, 5),
(407, 109, 6),
(408, 109, 7),
(409, 109, 8),
(410, 109, 9),
(411, 109, 10),
(412, 109, 11),
(413, 109, 12),
(414, 109, 13),
(415, 109, 14),
(416, 109, 15),
(417, 109, 16),
(418, 109, 17),
(419, 109, 18),
(420, 109, 19),
(421, 109, 20),
(422, 109, 21),
(423, 109, 22),
(424, 109, 23),
(425, 109, 24),
(426, 109, 25),
(427, 109, 26),
(428, 109, 27),
(429, 109, 28),
(430, 109, 29),
(431, 109, 30),
(432, 109, 31),
(433, 109, 32),
(434, 109, 33),
(435, 109, 34),
(436, 109, 35),
(437, 109, 36),
(438, 109, 37),
(439, 109, 38),
(440, 109, 39),
(441, 109, 40),
(442, 109, 41),
(443, 109, 42),
(444, 109, 43),
(445, 109, 44),
(446, 109, 45),
(447, 109, 46),
(448, 109, 47),
(449, 109, 48),
(450, 109, 49),
(451, 109, 50),
(452, 110, 1),
(453, 110, 2),
(454, 110, 3),
(455, 110, 4),
(456, 110, 5),
(457, 110, 6),
(458, 110, 7),
(459, 110, 8),
(460, 110, 9),
(461, 110, 10),
(462, 110, 11),
(463, 110, 12),
(464, 110, 13),
(465, 110, 14),
(466, 110, 15),
(467, 110, 16),
(468, 110, 17),
(469, 110, 18),
(470, 110, 19),
(471, 110, 20),
(472, 110, 21),
(473, 110, 22),
(474, 110, 23),
(475, 110, 24),
(476, 110, 25),
(477, 110, 26),
(478, 110, 27),
(479, 110, 28),
(480, 110, 29),
(481, 110, 30),
(482, 110, 31),
(483, 110, 32),
(484, 110, 33),
(485, 110, 34),
(486, 110, 35),
(487, 110, 36),
(488, 110, 37),
(489, 110, 38),
(490, 110, 39),
(491, 110, 40),
(492, 110, 41),
(493, 110, 42),
(494, 110, 43),
(495, 110, 44),
(496, 110, 45),
(497, 110, 46),
(498, 110, 47),
(499, 110, 48),
(500, 110, 49),
(501, 110, 50),
(502, 111, 1),
(503, 111, 2),
(504, 111, 3),
(505, 111, 4),
(506, 111, 5),
(507, 111, 6),
(508, 111, 7),
(509, 111, 8),
(510, 111, 9),
(511, 111, 10),
(512, 111, 11),
(513, 111, 12),
(514, 111, 13),
(515, 111, 14),
(516, 111, 15),
(517, 111, 16),
(518, 111, 17),
(519, 111, 18),
(520, 111, 19),
(521, 111, 20),
(522, 111, 21),
(523, 111, 22),
(524, 111, 23),
(525, 111, 24),
(526, 111, 25),
(527, 111, 26),
(528, 111, 27),
(529, 111, 28),
(530, 111, 29),
(531, 111, 30),
(532, 111, 31),
(533, 111, 32),
(534, 111, 33),
(535, 111, 34),
(536, 111, 35),
(537, 111, 36),
(538, 111, 37),
(539, 111, 38),
(540, 111, 39),
(541, 111, 40),
(542, 111, 41),
(543, 111, 42),
(544, 111, 43),
(545, 111, 44),
(546, 111, 45),
(547, 111, 46),
(548, 111, 47),
(549, 111, 48),
(550, 111, 49),
(551, 111, 50),
(552, 112, 1),
(553, 112, 2),
(554, 112, 3),
(555, 112, 4),
(556, 112, 5),
(557, 112, 6),
(558, 112, 7),
(559, 112, 8),
(560, 112, 9),
(561, 112, 10),
(562, 112, 11),
(563, 112, 12),
(564, 112, 13),
(565, 112, 14),
(566, 112, 15),
(567, 112, 16),
(568, 112, 17),
(569, 112, 18),
(570, 112, 19),
(571, 112, 20),
(572, 112, 21),
(573, 112, 22),
(574, 112, 23),
(575, 112, 24),
(576, 112, 25),
(577, 112, 26),
(578, 112, 27),
(579, 112, 28),
(580, 112, 29),
(581, 112, 30),
(582, 112, 31),
(583, 112, 32),
(584, 112, 33),
(585, 112, 34),
(586, 112, 35),
(587, 112, 36),
(588, 112, 37),
(589, 112, 38),
(590, 112, 39),
(591, 112, 40),
(592, 112, 41),
(593, 112, 42),
(594, 112, 43),
(595, 112, 44),
(596, 112, 45),
(597, 112, 46),
(598, 112, 47),
(599, 112, 48),
(600, 112, 49),
(601, 112, 50),
(602, 113, 1),
(603, 113, 2),
(604, 113, 3),
(605, 113, 4),
(606, 113, 5),
(607, 113, 6),
(608, 113, 7),
(609, 113, 8),
(610, 113, 9),
(611, 113, 10),
(612, 113, 11),
(613, 113, 12),
(614, 113, 13),
(615, 113, 14),
(616, 113, 15),
(617, 113, 16),
(618, 113, 17),
(619, 113, 18),
(620, 113, 19),
(621, 113, 20),
(622, 113, 21),
(623, 113, 22),
(624, 113, 23),
(625, 113, 24),
(626, 113, 25),
(627, 113, 26),
(628, 113, 27),
(629, 113, 28),
(630, 113, 29),
(631, 113, 30),
(632, 113, 31),
(633, 113, 32),
(634, 113, 33),
(635, 113, 34),
(636, 113, 35),
(637, 113, 36),
(638, 113, 37),
(639, 113, 38),
(640, 113, 39),
(641, 113, 40),
(642, 113, 41),
(643, 113, 42),
(644, 113, 43),
(645, 113, 44),
(646, 113, 45),
(647, 113, 46),
(648, 113, 47),
(649, 113, 48),
(650, 113, 49),
(651, 113, 50),
(652, 114, 1),
(653, 114, 2),
(654, 114, 3),
(655, 114, 4),
(656, 114, 5),
(657, 114, 6),
(658, 114, 7),
(659, 114, 8),
(660, 114, 9),
(661, 114, 10),
(662, 114, 11),
(663, 114, 12),
(664, 114, 13),
(665, 114, 14),
(666, 114, 15),
(667, 114, 16),
(668, 114, 17),
(669, 114, 18),
(670, 114, 19),
(671, 114, 20),
(672, 114, 21),
(673, 114, 22),
(674, 114, 23),
(675, 114, 24),
(676, 114, 25),
(677, 114, 26),
(678, 114, 27),
(679, 114, 28),
(680, 114, 29),
(681, 114, 30),
(682, 114, 31),
(683, 114, 32),
(684, 114, 33),
(685, 114, 34),
(686, 114, 35),
(687, 114, 36),
(688, 114, 37),
(689, 114, 38),
(690, 114, 39),
(691, 114, 40),
(692, 114, 41),
(693, 114, 42),
(694, 114, 43),
(695, 114, 44),
(696, 114, 45),
(697, 114, 46),
(698, 114, 47),
(699, 114, 48),
(700, 114, 49),
(701, 114, 50),
(702, 115, 1),
(703, 115, 2),
(704, 115, 3),
(705, 115, 4),
(706, 115, 5),
(707, 115, 6),
(708, 115, 7),
(709, 115, 8),
(710, 115, 9),
(711, 115, 10),
(712, 115, 11),
(713, 115, 12),
(714, 115, 13),
(715, 115, 14),
(716, 115, 15),
(717, 115, 16),
(718, 115, 17),
(719, 115, 18),
(720, 115, 19),
(721, 115, 20),
(722, 115, 21),
(723, 115, 22),
(724, 115, 23),
(725, 115, 24),
(726, 115, 25),
(727, 115, 26),
(728, 115, 27),
(729, 115, 28),
(730, 115, 29),
(731, 115, 30),
(732, 115, 31),
(733, 115, 32),
(734, 115, 33),
(735, 115, 34),
(736, 115, 35),
(737, 115, 36),
(738, 115, 37),
(739, 115, 38),
(740, 115, 39),
(741, 115, 40),
(742, 115, 41),
(743, 115, 42),
(744, 115, 43),
(745, 115, 44),
(746, 115, 45),
(747, 115, 46),
(748, 115, 47),
(749, 115, 48),
(750, 115, 49),
(751, 115, 50),
(752, 116, 1),
(753, 116, 2),
(754, 116, 3),
(755, 116, 4),
(756, 116, 5),
(757, 116, 6),
(758, 116, 7),
(759, 116, 8),
(760, 116, 9),
(761, 116, 10),
(762, 116, 11),
(763, 116, 12),
(764, 116, 13),
(765, 116, 14),
(766, 116, 15),
(767, 116, 16),
(768, 116, 17),
(769, 116, 18),
(770, 116, 19),
(771, 116, 20),
(772, 116, 21),
(773, 116, 22),
(774, 116, 23),
(775, 116, 24),
(776, 116, 25),
(777, 116, 26),
(778, 116, 27),
(779, 116, 28),
(780, 116, 29),
(781, 116, 30),
(782, 116, 31),
(783, 116, 32),
(784, 116, 33),
(785, 116, 34),
(786, 116, 35),
(787, 116, 36),
(788, 116, 37),
(789, 116, 38),
(790, 116, 39),
(791, 116, 40),
(792, 116, 41),
(793, 116, 42),
(794, 116, 43),
(795, 116, 44),
(796, 116, 45),
(797, 116, 46),
(798, 116, 47),
(799, 116, 48),
(800, 116, 49),
(801, 116, 50),
(802, 117, 1),
(803, 117, 2),
(804, 117, 3),
(805, 117, 4),
(806, 117, 5),
(807, 117, 6),
(808, 117, 7),
(809, 117, 8),
(810, 117, 9),
(811, 117, 10),
(812, 117, 11),
(813, 117, 12),
(814, 117, 13),
(815, 117, 14),
(816, 117, 15),
(817, 117, 16),
(818, 117, 17),
(819, 117, 18),
(820, 117, 19),
(821, 117, 20),
(822, 117, 21),
(823, 117, 22),
(824, 117, 23),
(825, 117, 24),
(826, 117, 25),
(827, 117, 26),
(828, 117, 27),
(829, 117, 28),
(830, 117, 29),
(831, 117, 30),
(832, 117, 31),
(833, 117, 32),
(834, 117, 33),
(835, 117, 34),
(836, 117, 35),
(837, 117, 36),
(838, 117, 37),
(839, 117, 38),
(840, 117, 39),
(841, 117, 40),
(842, 117, 41),
(843, 117, 42),
(844, 117, 43),
(845, 117, 44),
(846, 117, 45),
(847, 117, 46),
(848, 117, 47),
(849, 117, 48),
(850, 117, 49),
(851, 117, 50),
(852, 118, 1),
(853, 118, 2),
(854, 118, 3),
(855, 118, 4),
(856, 118, 5),
(857, 118, 6),
(858, 118, 7),
(859, 118, 8),
(860, 118, 9),
(861, 118, 10),
(862, 118, 11),
(863, 118, 12),
(864, 118, 13),
(865, 118, 14),
(866, 118, 15),
(867, 118, 16),
(868, 118, 17),
(869, 118, 18),
(870, 118, 19),
(871, 118, 20),
(872, 118, 21),
(873, 118, 22),
(874, 118, 23),
(875, 118, 24),
(876, 118, 25),
(877, 118, 26),
(878, 118, 27),
(879, 118, 28),
(880, 118, 29),
(881, 118, 30),
(882, 118, 31),
(883, 118, 32),
(884, 118, 33),
(885, 118, 34),
(886, 118, 35),
(887, 118, 36),
(888, 118, 37),
(889, 118, 38),
(890, 118, 39),
(891, 118, 40),
(892, 118, 41),
(893, 118, 42),
(894, 118, 43),
(895, 118, 44),
(896, 118, 45),
(897, 118, 46),
(898, 118, 47),
(899, 118, 48),
(900, 118, 49),
(901, 118, 50),
(902, 119, 1),
(903, 119, 2),
(904, 119, 3),
(905, 119, 4),
(906, 119, 5),
(907, 119, 6),
(908, 119, 7),
(909, 119, 8),
(910, 119, 9),
(911, 119, 10),
(912, 119, 11),
(913, 119, 12),
(914, 119, 13),
(915, 119, 14),
(916, 119, 15),
(917, 119, 16),
(918, 119, 17),
(919, 119, 18),
(920, 119, 19),
(921, 119, 20),
(922, 119, 21),
(923, 119, 22),
(924, 119, 23),
(925, 119, 24),
(926, 119, 25),
(927, 119, 26),
(928, 119, 27),
(929, 119, 28),
(930, 119, 29),
(931, 119, 30),
(932, 119, 31),
(933, 119, 32),
(934, 119, 33),
(935, 119, 34),
(936, 119, 35),
(937, 119, 36),
(938, 119, 37),
(939, 119, 38),
(940, 119, 39),
(941, 119, 40),
(942, 119, 41),
(943, 119, 42),
(944, 119, 43),
(945, 119, 44),
(946, 119, 45),
(947, 119, 46),
(948, 119, 47),
(949, 119, 48),
(950, 119, 49),
(951, 119, 50),
(952, 120, 1),
(953, 120, 2),
(954, 120, 3),
(955, 120, 4),
(956, 120, 5),
(957, 120, 6),
(958, 120, 7),
(959, 120, 8),
(960, 120, 9),
(961, 120, 10),
(962, 120, 11),
(963, 120, 12),
(964, 120, 13),
(965, 120, 14),
(966, 120, 15),
(967, 120, 16),
(968, 120, 17),
(969, 120, 18),
(970, 120, 19),
(971, 120, 20),
(972, 120, 21),
(973, 120, 22),
(974, 120, 23),
(975, 120, 24),
(976, 120, 25),
(977, 120, 26),
(978, 120, 27),
(979, 120, 28),
(980, 120, 29),
(981, 120, 30),
(982, 120, 31),
(983, 120, 32),
(984, 120, 33),
(985, 120, 34),
(986, 120, 35),
(987, 120, 36),
(988, 120, 37),
(989, 120, 38),
(990, 120, 39),
(991, 120, 40),
(992, 120, 41),
(993, 120, 42),
(994, 120, 43),
(995, 120, 44),
(996, 120, 45),
(997, 120, 46),
(998, 120, 47),
(999, 120, 48),
(1000, 120, 49),
(1001, 120, 50),
(1002, 121, 1),
(1003, 121, 2),
(1004, 121, 3),
(1005, 121, 4),
(1006, 121, 5),
(1007, 121, 6),
(1008, 121, 7),
(1009, 121, 8),
(1010, 121, 9),
(1011, 121, 10),
(1012, 121, 11),
(1013, 121, 12),
(1014, 121, 13),
(1015, 121, 14),
(1016, 121, 15),
(1017, 121, 16),
(1018, 121, 17),
(1019, 121, 18),
(1020, 121, 19),
(1021, 121, 20),
(1022, 121, 21),
(1023, 121, 22),
(1024, 121, 23),
(1025, 121, 24),
(1026, 121, 25),
(1027, 121, 26),
(1028, 121, 27),
(1029, 121, 28),
(1030, 121, 29),
(1031, 121, 30),
(1032, 121, 31),
(1033, 121, 32),
(1034, 121, 33),
(1035, 121, 34),
(1036, 121, 35),
(1037, 121, 36),
(1038, 121, 37),
(1039, 121, 38),
(1040, 121, 39),
(1041, 121, 40),
(1042, 121, 41),
(1043, 121, 42),
(1044, 121, 43),
(1045, 121, 44),
(1046, 121, 45),
(1047, 121, 46),
(1048, 121, 47),
(1049, 121, 48),
(1050, 121, 49),
(1051, 121, 50),
(1052, 122, 1),
(1053, 122, 2),
(1054, 122, 3),
(1055, 122, 4),
(1056, 122, 5),
(1057, 122, 6),
(1058, 122, 7),
(1059, 122, 8),
(1060, 122, 9),
(1061, 122, 10),
(1062, 122, 11),
(1063, 122, 12),
(1064, 122, 13),
(1065, 122, 14),
(1066, 122, 15),
(1067, 122, 16),
(1068, 122, 17),
(1069, 122, 18),
(1070, 122, 19),
(1071, 122, 20),
(1072, 122, 21),
(1073, 122, 22),
(1074, 122, 23),
(1075, 122, 24),
(1076, 122, 25),
(1077, 122, 26),
(1078, 122, 27),
(1079, 122, 28),
(1080, 122, 29),
(1081, 122, 30),
(1082, 122, 31),
(1083, 122, 32),
(1084, 122, 33),
(1085, 122, 34),
(1086, 122, 35),
(1087, 122, 36),
(1088, 122, 37),
(1089, 122, 38),
(1090, 122, 39),
(1091, 122, 40),
(1092, 122, 41),
(1093, 122, 42),
(1094, 122, 43),
(1095, 122, 44),
(1096, 122, 45),
(1097, 122, 46),
(1098, 122, 47),
(1099, 122, 48),
(1100, 122, 49),
(1101, 122, 50),
(1102, 123, 1),
(1103, 123, 2),
(1104, 123, 3),
(1105, 123, 4),
(1106, 123, 5),
(1107, 123, 6),
(1108, 123, 7),
(1109, 123, 8),
(1110, 123, 9),
(1111, 123, 10),
(1112, 123, 11),
(1113, 123, 12),
(1114, 123, 13),
(1115, 123, 14),
(1116, 123, 15),
(1117, 123, 16),
(1118, 123, 17),
(1119, 123, 18),
(1120, 123, 19),
(1121, 123, 20),
(1122, 123, 21),
(1123, 123, 22),
(1124, 123, 23),
(1125, 123, 24),
(1126, 123, 25),
(1127, 123, 26),
(1128, 123, 27),
(1129, 123, 28),
(1130, 123, 29),
(1131, 123, 30),
(1132, 123, 31),
(1133, 123, 32),
(1134, 123, 33),
(1135, 123, 34),
(1136, 123, 35),
(1137, 123, 36),
(1138, 123, 37),
(1139, 123, 38),
(1140, 123, 39),
(1141, 123, 40),
(1142, 123, 41),
(1143, 123, 42),
(1144, 123, 43),
(1145, 123, 44),
(1146, 123, 45),
(1147, 123, 46),
(1148, 123, 47),
(1149, 123, 48),
(1150, 123, 49),
(1151, 123, 50),
(1152, 124, 1),
(1153, 124, 2),
(1154, 124, 3),
(1155, 124, 4),
(1156, 124, 5),
(1157, 124, 6),
(1158, 124, 7),
(1159, 124, 8),
(1160, 124, 9),
(1161, 124, 10),
(1162, 124, 11),
(1163, 124, 12),
(1164, 124, 13),
(1165, 124, 14),
(1166, 124, 15),
(1167, 124, 16),
(1168, 124, 17),
(1169, 124, 18),
(1170, 124, 19),
(1171, 124, 20),
(1172, 124, 21),
(1173, 124, 22),
(1174, 124, 23),
(1175, 124, 24),
(1176, 124, 25),
(1177, 124, 26),
(1178, 124, 27),
(1179, 124, 28),
(1180, 124, 29),
(1181, 124, 30),
(1182, 124, 31),
(1183, 124, 32),
(1184, 124, 33),
(1185, 124, 34),
(1186, 124, 35),
(1187, 124, 36),
(1188, 124, 37),
(1189, 124, 38),
(1190, 124, 39),
(1191, 124, 40),
(1192, 124, 41),
(1193, 124, 42),
(1194, 124, 43),
(1195, 124, 44),
(1196, 124, 45),
(1197, 124, 46),
(1198, 124, 47),
(1199, 124, 48),
(1200, 124, 49),
(1201, 124, 50),
(1202, 125, 1),
(1203, 125, 2),
(1204, 125, 3),
(1205, 125, 4),
(1206, 125, 5),
(1207, 125, 6),
(1208, 125, 7),
(1209, 125, 8),
(1210, 125, 9),
(1211, 125, 10),
(1212, 125, 11),
(1213, 125, 12),
(1214, 125, 13),
(1215, 125, 14),
(1216, 125, 15),
(1217, 125, 16),
(1218, 125, 17),
(1219, 125, 18),
(1220, 125, 19),
(1221, 125, 20),
(1222, 125, 21),
(1223, 125, 22),
(1224, 125, 23),
(1225, 125, 24),
(1226, 125, 25),
(1227, 125, 26),
(1228, 125, 27),
(1229, 125, 28),
(1230, 125, 29),
(1231, 125, 30),
(1232, 125, 31),
(1233, 125, 32),
(1234, 125, 33),
(1235, 125, 34),
(1236, 125, 35),
(1237, 125, 36),
(1238, 125, 37),
(1239, 125, 38),
(1240, 125, 39),
(1241, 125, 40),
(1242, 125, 41),
(1243, 125, 42),
(1244, 125, 43),
(1245, 125, 44),
(1246, 125, 45),
(1247, 125, 46),
(1248, 125, 47),
(1249, 125, 48),
(1250, 125, 49),
(1251, 125, 50),
(1252, 126, 1),
(1253, 126, 2),
(1254, 126, 3),
(1255, 126, 4),
(1256, 126, 5),
(1257, 126, 6),
(1258, 126, 7),
(1259, 126, 8),
(1260, 126, 9),
(1261, 126, 10),
(1262, 126, 11),
(1263, 126, 12),
(1264, 126, 13),
(1265, 126, 14),
(1266, 126, 15),
(1267, 126, 16),
(1268, 126, 17),
(1269, 126, 18),
(1270, 126, 19),
(1271, 126, 20),
(1272, 126, 21),
(1273, 126, 22),
(1274, 126, 23),
(1275, 126, 24),
(1276, 126, 25),
(1277, 126, 26),
(1278, 126, 27),
(1279, 126, 28),
(1280, 126, 29),
(1281, 126, 30),
(1282, 126, 31),
(1283, 126, 32),
(1284, 126, 33),
(1285, 126, 34),
(1286, 126, 35),
(1287, 126, 36),
(1288, 126, 37),
(1289, 126, 38),
(1290, 126, 39),
(1291, 126, 40),
(1292, 126, 41),
(1293, 126, 42),
(1294, 126, 43),
(1295, 126, 44),
(1296, 126, 45),
(1297, 126, 46),
(1298, 126, 47),
(1299, 126, 48),
(1300, 126, 49),
(1301, 126, 50),
(1302, 127, 1),
(1303, 127, 2),
(1304, 127, 3),
(1305, 127, 4),
(1306, 127, 5),
(1307, 127, 6),
(1308, 127, 7),
(1309, 127, 8),
(1310, 127, 9),
(1311, 127, 10),
(1312, 127, 11),
(1313, 127, 12),
(1314, 127, 13),
(1315, 127, 14),
(1316, 127, 15),
(1317, 127, 16),
(1318, 127, 17),
(1319, 127, 18),
(1320, 127, 19),
(1321, 127, 20),
(1322, 127, 21),
(1323, 127, 22),
(1324, 127, 23),
(1325, 127, 24),
(1326, 127, 25),
(1327, 127, 26),
(1328, 127, 27),
(1329, 127, 28),
(1330, 127, 29),
(1331, 127, 30),
(1332, 127, 31),
(1333, 127, 32),
(1334, 127, 33),
(1335, 127, 34),
(1336, 127, 35),
(1337, 127, 36),
(1338, 127, 37),
(1339, 127, 38),
(1340, 127, 39),
(1341, 127, 40),
(1342, 127, 41),
(1343, 127, 42),
(1344, 127, 43),
(1345, 127, 44),
(1346, 127, 45),
(1347, 127, 46),
(1348, 127, 47),
(1349, 127, 48),
(1350, 127, 49),
(1351, 127, 50),
(1352, 128, 1),
(1353, 128, 2),
(1354, 128, 3),
(1355, 128, 4),
(1356, 128, 5),
(1357, 128, 6),
(1358, 128, 7),
(1359, 128, 8),
(1360, 128, 9),
(1361, 128, 10),
(1362, 128, 11),
(1363, 128, 12),
(1364, 128, 13),
(1365, 128, 14),
(1366, 128, 15),
(1367, 128, 16),
(1368, 128, 17),
(1369, 128, 18),
(1370, 128, 19),
(1371, 128, 20),
(1372, 128, 21),
(1373, 128, 22),
(1374, 128, 23),
(1375, 128, 24),
(1376, 128, 25),
(1377, 128, 26),
(1378, 128, 27),
(1379, 128, 28),
(1380, 128, 29),
(1381, 128, 30),
(1382, 128, 31),
(1383, 128, 32),
(1384, 128, 33),
(1385, 128, 34),
(1386, 128, 35),
(1387, 128, 36),
(1388, 128, 37),
(1389, 128, 38),
(1390, 128, 39),
(1391, 128, 40),
(1392, 128, 41),
(1393, 128, 42),
(1394, 128, 43),
(1395, 128, 44),
(1396, 128, 45),
(1397, 128, 46),
(1398, 128, 47),
(1399, 128, 48),
(1400, 128, 49),
(1401, 128, 50),
(1402, 129, 1),
(1403, 129, 2),
(1404, 129, 3),
(1405, 129, 4),
(1406, 129, 5),
(1407, 129, 6),
(1408, 129, 7),
(1409, 129, 8),
(1410, 129, 9),
(1411, 129, 10),
(1412, 129, 11),
(1413, 129, 12),
(1414, 129, 13),
(1415, 129, 14),
(1416, 129, 15),
(1417, 129, 16),
(1418, 129, 17),
(1419, 129, 18),
(1420, 129, 19),
(1421, 129, 20),
(1422, 129, 21),
(1423, 129, 22),
(1424, 129, 23),
(1425, 129, 24),
(1426, 129, 25),
(1427, 129, 26),
(1428, 129, 27),
(1429, 129, 28),
(1430, 129, 29),
(1431, 129, 30),
(1432, 129, 31),
(1433, 129, 32),
(1434, 129, 33),
(1435, 129, 34),
(1436, 129, 35),
(1437, 129, 36),
(1438, 129, 37),
(1439, 129, 38),
(1440, 129, 39),
(1441, 129, 40),
(1442, 129, 41),
(1443, 129, 42),
(1444, 129, 43),
(1445, 129, 44),
(1446, 129, 45),
(1447, 129, 46),
(1448, 129, 47),
(1449, 129, 48),
(1450, 129, 49),
(1451, 129, 50),
(1452, 130, 1),
(1453, 130, 2),
(1454, 130, 3),
(1455, 130, 4),
(1456, 130, 5),
(1457, 130, 6),
(1458, 130, 7),
(1459, 130, 8),
(1460, 130, 9),
(1461, 130, 10),
(1462, 130, 11),
(1463, 130, 12),
(1464, 130, 13),
(1465, 130, 14),
(1466, 130, 15),
(1467, 130, 16),
(1468, 130, 17),
(1469, 130, 18),
(1470, 130, 19),
(1471, 130, 20),
(1472, 130, 21),
(1473, 130, 22),
(1474, 130, 23),
(1475, 130, 24),
(1476, 130, 25),
(1477, 130, 26),
(1478, 130, 27),
(1479, 130, 28),
(1480, 130, 29),
(1481, 130, 30),
(1482, 130, 31),
(1483, 130, 32),
(1484, 130, 33),
(1485, 130, 34),
(1486, 130, 35),
(1487, 130, 36),
(1488, 130, 37),
(1489, 130, 38),
(1490, 130, 39),
(1491, 130, 40),
(1492, 130, 41),
(1493, 130, 42),
(1494, 130, 43),
(1495, 130, 44),
(1496, 130, 45),
(1497, 130, 46),
(1498, 130, 47),
(1499, 130, 48),
(1500, 130, 49),
(1501, 130, 50),
(1502, 131, 1),
(1503, 131, 2),
(1504, 131, 3),
(1505, 131, 4),
(1506, 131, 5),
(1507, 131, 6),
(1508, 131, 7),
(1509, 131, 8),
(1510, 131, 9),
(1511, 131, 10),
(1512, 131, 11),
(1513, 131, 12),
(1514, 131, 13),
(1515, 131, 14),
(1516, 131, 15),
(1517, 131, 16),
(1518, 131, 17),
(1519, 131, 18),
(1520, 131, 19),
(1521, 131, 20),
(1522, 131, 21),
(1523, 131, 22),
(1524, 131, 23),
(1525, 131, 24),
(1526, 131, 25),
(1527, 131, 26),
(1528, 131, 27),
(1529, 131, 28),
(1530, 131, 29),
(1531, 131, 30),
(1532, 131, 31),
(1533, 131, 32),
(1534, 131, 33),
(1535, 131, 34),
(1536, 131, 35),
(1537, 131, 36),
(1538, 131, 37),
(1539, 131, 38),
(1540, 131, 39),
(1541, 131, 40),
(1542, 131, 41),
(1543, 131, 42),
(1544, 131, 43),
(1545, 131, 44),
(1546, 131, 45),
(1547, 131, 46),
(1548, 131, 47),
(1549, 131, 48),
(1550, 131, 49),
(1551, 131, 50),
(1552, 132, 1),
(1553, 132, 2),
(1554, 132, 3),
(1555, 132, 4),
(1556, 132, 5),
(1557, 132, 6),
(1558, 132, 7),
(1559, 132, 8),
(1560, 132, 9),
(1561, 132, 10),
(1562, 132, 11),
(1563, 132, 12),
(1564, 132, 13),
(1565, 132, 14),
(1566, 132, 15),
(1567, 132, 16),
(1568, 132, 17),
(1569, 132, 18),
(1570, 132, 19),
(1571, 132, 20),
(1572, 132, 21),
(1573, 132, 22),
(1574, 132, 23),
(1575, 132, 24),
(1576, 132, 25),
(1577, 132, 26),
(1578, 132, 27),
(1579, 132, 28),
(1580, 132, 29),
(1581, 132, 30),
(1582, 132, 31),
(1583, 132, 32),
(1584, 132, 33),
(1585, 132, 34),
(1586, 132, 35),
(1587, 132, 36),
(1588, 132, 37),
(1589, 132, 38),
(1590, 132, 39),
(1591, 132, 40),
(1592, 132, 41),
(1593, 132, 42),
(1594, 132, 43),
(1595, 132, 44),
(1596, 132, 45),
(1597, 132, 46),
(1598, 132, 47),
(1599, 132, 48),
(1600, 132, 49),
(1601, 132, 50),
(1602, 133, 1),
(1603, 133, 2),
(1604, 133, 3),
(1605, 133, 4),
(1606, 133, 5),
(1607, 133, 6),
(1608, 133, 7),
(1609, 133, 8),
(1610, 133, 9),
(1611, 133, 10),
(1612, 133, 11),
(1613, 133, 12),
(1614, 133, 13),
(1615, 133, 14),
(1616, 133, 15),
(1617, 133, 16),
(1618, 133, 17),
(1619, 133, 18),
(1620, 133, 19),
(1621, 133, 20),
(1622, 133, 21),
(1623, 133, 22),
(1624, 133, 23),
(1625, 133, 24),
(1626, 133, 25),
(1627, 133, 26),
(1628, 133, 27),
(1629, 133, 28),
(1630, 133, 29),
(1631, 133, 30),
(1632, 133, 31),
(1633, 133, 32),
(1634, 133, 33),
(1635, 133, 34),
(1636, 133, 35),
(1637, 133, 36),
(1638, 133, 37),
(1639, 133, 38),
(1640, 133, 39),
(1641, 133, 40),
(1642, 133, 41),
(1643, 133, 42),
(1644, 133, 43),
(1645, 133, 44),
(1646, 133, 45),
(1647, 133, 46),
(1648, 133, 47),
(1649, 133, 48),
(1650, 133, 49),
(1651, 133, 50),
(1652, 134, 1),
(1653, 134, 2),
(1654, 134, 3),
(1655, 134, 4),
(1656, 134, 5),
(1657, 134, 6),
(1658, 134, 7),
(1659, 134, 8),
(1660, 134, 9),
(1661, 134, 10),
(1662, 134, 11),
(1663, 134, 12),
(1664, 134, 13),
(1665, 134, 14),
(1666, 134, 15),
(1667, 134, 16),
(1668, 134, 17),
(1669, 134, 18),
(1670, 134, 19),
(1671, 134, 20),
(1672, 134, 21),
(1673, 134, 22),
(1674, 134, 23),
(1675, 134, 24),
(1676, 134, 25),
(1677, 134, 26),
(1678, 134, 27),
(1679, 134, 28),
(1680, 134, 29),
(1681, 134, 30),
(1682, 134, 31),
(1683, 134, 32),
(1684, 134, 33),
(1685, 134, 34),
(1686, 134, 35),
(1687, 134, 36),
(1688, 134, 37),
(1689, 134, 38),
(1690, 134, 39),
(1691, 134, 40),
(1692, 134, 41),
(1693, 134, 42),
(1694, 134, 43),
(1695, 134, 44),
(1696, 134, 45),
(1697, 134, 46),
(1698, 134, 47),
(1699, 134, 48),
(1700, 134, 49),
(1701, 134, 50),
(1702, 135, 1),
(1703, 135, 2),
(1704, 135, 3),
(1705, 135, 4),
(1706, 135, 5),
(1707, 135, 6),
(1708, 135, 7),
(1709, 135, 8),
(1710, 135, 9),
(1711, 135, 10),
(1712, 135, 11),
(1713, 135, 12),
(1714, 135, 13),
(1715, 135, 14),
(1716, 135, 15),
(1717, 135, 16),
(1718, 135, 17),
(1719, 135, 18),
(1720, 135, 19),
(1721, 135, 20),
(1722, 135, 21),
(1723, 135, 22),
(1724, 135, 23),
(1725, 135, 24),
(1726, 135, 25),
(1727, 135, 26),
(1728, 135, 27),
(1729, 135, 28),
(1730, 135, 29),
(1731, 135, 30),
(1732, 135, 31),
(1733, 135, 32),
(1734, 135, 33),
(1735, 135, 34),
(1736, 135, 35),
(1737, 135, 36),
(1738, 135, 37),
(1739, 135, 38),
(1740, 135, 39),
(1741, 135, 40),
(1742, 135, 41),
(1743, 135, 42),
(1744, 135, 43),
(1745, 135, 44),
(1746, 135, 45),
(1747, 135, 46),
(1748, 135, 47),
(1749, 135, 48),
(1750, 135, 49),
(1751, 135, 50),
(1752, 136, 1),
(1753, 136, 2),
(1754, 136, 3),
(1755, 136, 4),
(1756, 136, 5),
(1757, 136, 6),
(1758, 136, 7),
(1759, 136, 8),
(1760, 136, 9),
(1761, 136, 10),
(1762, 136, 11),
(1763, 136, 12),
(1764, 136, 13),
(1765, 136, 14),
(1766, 136, 15),
(1767, 136, 16),
(1768, 136, 17),
(1769, 136, 18),
(1770, 136, 19),
(1771, 136, 20),
(1772, 136, 21),
(1773, 136, 22),
(1774, 136, 23),
(1775, 136, 24),
(1776, 136, 25),
(1777, 136, 26),
(1778, 136, 27),
(1779, 136, 28),
(1780, 136, 29),
(1781, 136, 30),
(1782, 136, 31),
(1783, 136, 32),
(1784, 136, 33),
(1785, 136, 34),
(1786, 136, 35),
(1787, 136, 36),
(1788, 136, 37),
(1789, 136, 38),
(1790, 136, 39),
(1791, 136, 40),
(1792, 136, 41),
(1793, 136, 42),
(1794, 136, 43),
(1795, 136, 44),
(1796, 136, 45),
(1797, 136, 46),
(1798, 136, 47),
(1799, 136, 48),
(1800, 136, 49),
(1801, 136, 50),
(1802, 137, 1),
(1803, 137, 2),
(1804, 137, 3),
(1805, 137, 4),
(1806, 137, 5),
(1807, 137, 6),
(1808, 137, 7),
(1809, 137, 8),
(1810, 137, 9),
(1811, 137, 10),
(1812, 137, 11),
(1813, 137, 12),
(1814, 137, 13),
(1815, 137, 14),
(1816, 137, 15),
(1817, 137, 16),
(1818, 137, 17),
(1819, 137, 18),
(1820, 137, 19),
(1821, 137, 20),
(1822, 137, 21),
(1823, 137, 22),
(1824, 137, 23),
(1825, 137, 24),
(1826, 137, 25),
(1827, 137, 26),
(1828, 137, 27),
(1829, 137, 28),
(1830, 137, 29),
(1831, 137, 30),
(1832, 137, 31),
(1833, 137, 32),
(1834, 137, 33),
(1835, 137, 34),
(1836, 137, 35),
(1837, 137, 36),
(1838, 137, 37),
(1839, 137, 38),
(1840, 137, 39),
(1841, 137, 40),
(1842, 137, 41),
(1843, 137, 42),
(1844, 137, 43),
(1845, 137, 44),
(1846, 137, 45),
(1847, 137, 46),
(1848, 137, 47),
(1849, 137, 48),
(1850, 137, 49),
(1851, 137, 50),
(1852, 138, 1),
(1853, 138, 2),
(1854, 138, 3),
(1855, 138, 4),
(1856, 138, 5),
(1857, 138, 6),
(1858, 138, 7),
(1859, 138, 8),
(1860, 138, 9),
(1861, 138, 10),
(1862, 138, 11),
(1863, 138, 12),
(1864, 138, 13),
(1865, 138, 14),
(1866, 138, 15),
(1867, 138, 16),
(1868, 138, 17),
(1869, 138, 18),
(1870, 138, 19),
(1871, 138, 20),
(1872, 138, 21),
(1873, 138, 22),
(1874, 138, 23),
(1875, 138, 24),
(1876, 138, 25),
(1877, 138, 26),
(1878, 138, 27),
(1879, 138, 28),
(1880, 138, 29),
(1881, 138, 30),
(1882, 138, 31),
(1883, 138, 32),
(1884, 138, 33),
(1885, 138, 34),
(1886, 138, 35),
(1887, 138, 36),
(1888, 138, 37),
(1889, 138, 38),
(1890, 138, 39),
(1891, 138, 40),
(1892, 138, 41),
(1893, 138, 42),
(1894, 138, 43),
(1895, 138, 44),
(1896, 138, 45),
(1897, 138, 46),
(1898, 138, 47),
(1899, 138, 48),
(1900, 138, 49),
(1901, 138, 50),
(1902, 139, 1),
(1903, 139, 2),
(1904, 139, 3),
(1905, 139, 4),
(1906, 139, 5),
(1907, 139, 6),
(1908, 139, 7),
(1909, 139, 8),
(1910, 139, 9),
(1911, 139, 10),
(1912, 139, 11),
(1913, 139, 12),
(1914, 139, 13),
(1915, 139, 14),
(1916, 139, 15),
(1917, 139, 16),
(1918, 139, 17),
(1919, 139, 18),
(1920, 139, 19),
(1921, 139, 20),
(1922, 139, 21),
(1923, 139, 22),
(1924, 139, 23),
(1925, 139, 24),
(1926, 139, 25),
(1927, 139, 26),
(1928, 139, 27),
(1929, 139, 28),
(1930, 139, 29),
(1931, 139, 30),
(1932, 139, 31),
(1933, 139, 32),
(1934, 139, 33),
(1935, 139, 34),
(1936, 139, 35),
(1937, 139, 36),
(1938, 139, 37),
(1939, 139, 38),
(1940, 139, 39),
(1941, 139, 40),
(1942, 139, 41),
(1943, 139, 42),
(1944, 139, 43),
(1945, 139, 44),
(1946, 139, 45),
(1947, 139, 46),
(1948, 139, 47),
(1949, 139, 48),
(1950, 139, 49),
(1951, 139, 50),
(1952, 140, 1),
(1953, 140, 2),
(1954, 140, 3),
(1955, 140, 4),
(1956, 140, 5),
(1957, 140, 6),
(1958, 140, 7),
(1959, 140, 8),
(1960, 140, 9),
(1961, 140, 10),
(1962, 140, 11),
(1963, 140, 12),
(1964, 140, 13),
(1965, 140, 14),
(1966, 140, 15),
(1967, 140, 16),
(1968, 140, 17),
(1969, 140, 18),
(1970, 140, 19),
(1971, 140, 20),
(1972, 140, 21),
(1973, 140, 22),
(1974, 140, 23),
(1975, 140, 24),
(1976, 140, 25),
(1977, 140, 26),
(1978, 140, 27),
(1979, 140, 28),
(1980, 140, 29),
(1981, 140, 30),
(1982, 140, 31),
(1983, 140, 32),
(1984, 140, 33),
(1985, 140, 34),
(1986, 140, 35),
(1987, 140, 36),
(1988, 140, 37),
(1989, 140, 38),
(1990, 140, 39),
(1991, 140, 40),
(1992, 140, 41),
(1993, 140, 42),
(1994, 140, 43),
(1995, 140, 44),
(1996, 140, 45),
(1997, 140, 46),
(1998, 140, 47),
(1999, 140, 48),
(2000, 140, 49),
(2001, 140, 50),
(2002, 141, 1),
(2003, 141, 2),
(2004, 141, 3),
(2005, 141, 4),
(2006, 141, 5),
(2007, 141, 6),
(2008, 141, 7),
(2009, 141, 8),
(2010, 141, 9),
(2011, 141, 10),
(2012, 141, 11),
(2013, 141, 12),
(2014, 141, 13),
(2015, 141, 14),
(2016, 141, 15),
(2017, 141, 16),
(2018, 141, 17),
(2019, 141, 18),
(2020, 141, 19),
(2021, 141, 20),
(2022, 141, 21),
(2023, 141, 22),
(2024, 141, 23),
(2025, 141, 24),
(2026, 141, 25),
(2027, 141, 26),
(2028, 141, 27),
(2029, 141, 28),
(2030, 141, 29),
(2031, 141, 30),
(2032, 141, 31),
(2033, 141, 32),
(2034, 141, 33),
(2035, 141, 34),
(2036, 141, 35),
(2037, 141, 36),
(2038, 141, 37),
(2039, 141, 38),
(2040, 141, 39),
(2041, 141, 40),
(2042, 141, 41),
(2043, 141, 42),
(2044, 141, 43),
(2045, 141, 44),
(2046, 141, 45),
(2047, 141, 46),
(2048, 141, 47),
(2049, 141, 48),
(2050, 141, 49),
(2051, 141, 50),
(2052, 142, 1),
(2053, 142, 2),
(2054, 142, 3),
(2055, 142, 4),
(2056, 142, 5),
(2057, 142, 6),
(2058, 142, 7),
(2059, 142, 8),
(2060, 142, 9),
(2061, 142, 10),
(2062, 142, 11),
(2063, 142, 12),
(2064, 142, 13),
(2065, 142, 14),
(2066, 142, 15),
(2067, 142, 16),
(2068, 142, 17),
(2069, 142, 18),
(2070, 142, 19),
(2071, 142, 20),
(2072, 142, 21),
(2073, 142, 22),
(2074, 142, 23),
(2075, 142, 24),
(2076, 142, 25),
(2077, 142, 26),
(2078, 142, 27),
(2079, 142, 28),
(2080, 142, 29),
(2081, 142, 30),
(2082, 142, 31),
(2083, 142, 32),
(2084, 142, 33),
(2085, 142, 34),
(2086, 142, 35),
(2087, 142, 36),
(2088, 142, 37),
(2089, 142, 38),
(2090, 142, 39),
(2091, 142, 40),
(2092, 142, 41),
(2093, 142, 42),
(2094, 142, 43),
(2095, 142, 44),
(2096, 142, 45),
(2097, 142, 46),
(2098, 142, 47),
(2099, 142, 48),
(2100, 142, 49),
(2101, 142, 50),
(2102, 143, 1),
(2103, 143, 2),
(2104, 143, 3),
(2105, 143, 4),
(2106, 143, 5),
(2107, 143, 6),
(2108, 143, 7),
(2109, 143, 8),
(2110, 143, 9),
(2111, 143, 10),
(2112, 143, 11),
(2113, 143, 12),
(2114, 143, 13),
(2115, 143, 14),
(2116, 143, 15),
(2117, 143, 16),
(2118, 143, 17),
(2119, 143, 18),
(2120, 143, 19),
(2121, 143, 20),
(2122, 143, 21),
(2123, 143, 22),
(2124, 143, 23),
(2125, 143, 24),
(2126, 143, 25),
(2127, 143, 26),
(2128, 143, 27),
(2129, 143, 28),
(2130, 143, 29),
(2131, 143, 30),
(2132, 143, 31),
(2133, 143, 32),
(2134, 143, 33),
(2135, 143, 34),
(2136, 143, 35),
(2137, 143, 36),
(2138, 143, 37),
(2139, 143, 38),
(2140, 143, 39),
(2141, 143, 40),
(2142, 143, 41),
(2143, 143, 42),
(2144, 143, 43),
(2145, 143, 44),
(2146, 143, 45),
(2147, 143, 46),
(2148, 143, 47),
(2149, 143, 48),
(2150, 143, 49),
(2151, 143, 50),
(2152, 144, 1),
(2153, 144, 2),
(2154, 144, 3),
(2155, 144, 4),
(2156, 144, 5),
(2157, 144, 6),
(2158, 144, 7),
(2159, 144, 8),
(2160, 144, 9),
(2161, 144, 10),
(2162, 144, 11),
(2163, 144, 12),
(2164, 144, 13),
(2165, 144, 14),
(2166, 144, 15),
(2167, 144, 16),
(2168, 144, 17),
(2169, 144, 18),
(2170, 144, 19),
(2171, 144, 20),
(2172, 144, 21),
(2173, 144, 22),
(2174, 144, 23),
(2175, 144, 24),
(2176, 144, 25),
(2177, 144, 26),
(2178, 144, 27),
(2179, 144, 28),
(2180, 144, 29),
(2181, 144, 30),
(2182, 144, 31),
(2183, 144, 32),
(2184, 144, 33),
(2185, 144, 34),
(2186, 144, 35),
(2187, 144, 36),
(2188, 144, 37),
(2189, 144, 38),
(2190, 144, 39),
(2191, 144, 40),
(2192, 144, 41),
(2193, 144, 42),
(2194, 144, 43),
(2195, 144, 44),
(2196, 144, 45),
(2197, 144, 46),
(2198, 144, 47),
(2199, 144, 48),
(2200, 144, 49),
(2201, 144, 50),
(2202, 145, 1),
(2203, 145, 2),
(2204, 145, 3),
(2205, 145, 4),
(2206, 145, 5),
(2207, 145, 6),
(2208, 145, 7),
(2209, 145, 8),
(2210, 145, 9),
(2211, 145, 10),
(2212, 145, 11),
(2213, 145, 12),
(2214, 145, 13),
(2215, 145, 14),
(2216, 145, 15),
(2217, 145, 16),
(2218, 145, 17),
(2219, 145, 18),
(2220, 145, 19),
(2221, 145, 20),
(2222, 145, 21),
(2223, 145, 22),
(2224, 145, 23),
(2225, 145, 24),
(2226, 145, 25),
(2227, 145, 26),
(2228, 145, 27),
(2229, 145, 28),
(2230, 145, 29),
(2231, 145, 30),
(2232, 145, 31),
(2233, 145, 32),
(2234, 145, 33),
(2235, 145, 34),
(2236, 145, 35),
(2237, 145, 36),
(2238, 145, 37),
(2239, 145, 38),
(2240, 145, 39),
(2241, 145, 40),
(2242, 145, 41),
(2243, 145, 42),
(2244, 145, 43),
(2245, 145, 44),
(2246, 145, 45),
(2247, 145, 46),
(2248, 145, 47),
(2249, 145, 48),
(2250, 145, 49),
(2251, 145, 50),
(2252, 146, 1),
(2253, 146, 2),
(2254, 146, 3),
(2255, 146, 4),
(2256, 146, 5),
(2257, 146, 6),
(2258, 146, 7),
(2259, 146, 8),
(2260, 146, 9),
(2261, 146, 10),
(2262, 146, 11),
(2263, 146, 12),
(2264, 146, 13),
(2265, 146, 14),
(2266, 146, 15),
(2267, 146, 16),
(2268, 146, 17),
(2269, 146, 18),
(2270, 146, 19),
(2271, 146, 20),
(2272, 146, 21),
(2273, 146, 22),
(2274, 146, 23),
(2275, 146, 24),
(2276, 146, 25),
(2277, 146, 26),
(2278, 146, 27),
(2279, 146, 28),
(2280, 146, 29),
(2281, 146, 30),
(2282, 146, 31),
(2283, 146, 32),
(2284, 146, 33),
(2285, 146, 34),
(2286, 146, 35),
(2287, 146, 36),
(2288, 146, 37),
(2289, 146, 38),
(2290, 146, 39),
(2291, 146, 40),
(2292, 146, 41),
(2293, 146, 42),
(2294, 146, 43),
(2295, 146, 44),
(2296, 146, 45),
(2297, 146, 46),
(2298, 146, 47),
(2299, 146, 48),
(2300, 146, 49),
(2301, 146, 50),
(2302, 147, 1),
(2303, 147, 2),
(2304, 147, 3),
(2305, 147, 4),
(2306, 147, 5),
(2307, 147, 6),
(2308, 147, 7),
(2309, 147, 8),
(2310, 147, 9),
(2311, 147, 10),
(2312, 147, 11),
(2313, 147, 12),
(2314, 147, 13),
(2315, 147, 14),
(2316, 147, 15),
(2317, 147, 16),
(2318, 147, 17),
(2319, 147, 18),
(2320, 147, 19),
(2321, 147, 20),
(2322, 147, 21),
(2323, 147, 22),
(2324, 147, 23),
(2325, 147, 24),
(2326, 147, 25),
(2327, 147, 26),
(2328, 147, 27),
(2329, 147, 28),
(2330, 147, 29),
(2331, 147, 30),
(2332, 147, 31),
(2333, 147, 32),
(2334, 147, 33),
(2335, 147, 34),
(2336, 147, 35),
(2337, 147, 36),
(2338, 147, 37),
(2339, 147, 38),
(2340, 147, 39),
(2341, 147, 40),
(2342, 147, 41),
(2343, 147, 42),
(2344, 147, 43),
(2345, 147, 44),
(2346, 147, 45),
(2347, 147, 46),
(2348, 147, 47),
(2349, 147, 48),
(2350, 147, 49),
(2351, 147, 50),
(2352, 148, 1),
(2353, 148, 2),
(2354, 148, 3),
(2355, 148, 4),
(2356, 148, 5),
(2357, 148, 6),
(2358, 148, 7),
(2359, 148, 8),
(2360, 148, 9),
(2361, 148, 10),
(2362, 148, 11),
(2363, 148, 12),
(2364, 148, 13),
(2365, 148, 14),
(2366, 148, 15),
(2367, 148, 16),
(2368, 148, 17),
(2369, 148, 18),
(2370, 148, 19),
(2371, 148, 20),
(2372, 148, 21),
(2373, 148, 22),
(2374, 148, 23),
(2375, 148, 24),
(2376, 148, 25),
(2377, 148, 26),
(2378, 148, 27),
(2379, 148, 28),
(2380, 148, 29),
(2381, 148, 30),
(2382, 148, 31),
(2383, 148, 32),
(2384, 148, 33),
(2385, 148, 34),
(2386, 148, 35),
(2387, 148, 36),
(2388, 148, 37),
(2389, 148, 38),
(2390, 148, 39),
(2391, 148, 40),
(2392, 148, 41),
(2393, 148, 42),
(2394, 148, 43),
(2395, 148, 44),
(2396, 148, 45),
(2397, 148, 46),
(2398, 148, 47),
(2399, 148, 48),
(2400, 148, 49),
(2401, 148, 50),
(2402, 149, 1),
(2403, 149, 2),
(2404, 149, 3),
(2405, 149, 4),
(2406, 149, 5),
(2407, 149, 6),
(2408, 149, 7),
(2409, 149, 8),
(2410, 149, 9),
(2411, 149, 10),
(2412, 149, 11),
(2413, 149, 12),
(2414, 149, 13),
(2415, 149, 14),
(2416, 149, 15),
(2417, 149, 16),
(2418, 149, 17),
(2419, 149, 18),
(2420, 149, 19),
(2421, 149, 20),
(2422, 149, 21),
(2423, 149, 22),
(2424, 149, 23),
(2425, 149, 24),
(2426, 149, 25),
(2427, 149, 26),
(2428, 149, 27),
(2429, 149, 28),
(2430, 149, 29),
(2431, 149, 30),
(2432, 149, 31),
(2433, 149, 32),
(2434, 149, 33),
(2435, 149, 34),
(2436, 149, 35),
(2437, 149, 36),
(2438, 149, 37),
(2439, 149, 38),
(2440, 149, 39),
(2441, 149, 40),
(2442, 149, 41),
(2443, 149, 42),
(2444, 149, 43),
(2445, 149, 44),
(2446, 149, 45),
(2447, 149, 46),
(2448, 149, 47),
(2449, 149, 48),
(2450, 149, 49),
(2451, 149, 50),
(2452, 150, 1),
(2453, 150, 2),
(2454, 150, 3),
(2455, 150, 4),
(2456, 150, 5),
(2457, 150, 6),
(2458, 150, 7),
(2459, 150, 8),
(2460, 150, 9),
(2461, 150, 10),
(2462, 150, 11),
(2463, 150, 12),
(2464, 150, 13),
(2465, 150, 14),
(2466, 150, 15),
(2467, 150, 16),
(2468, 150, 17),
(2469, 150, 18),
(2470, 150, 19),
(2471, 150, 20),
(2472, 150, 21),
(2473, 150, 22),
(2474, 150, 23),
(2475, 150, 24),
(2476, 150, 25),
(2477, 150, 26),
(2478, 150, 27),
(2479, 150, 28),
(2480, 150, 29),
(2481, 150, 30),
(2482, 150, 31),
(2483, 150, 32),
(2484, 150, 33),
(2485, 150, 34),
(2486, 150, 35),
(2487, 150, 36),
(2488, 150, 37),
(2489, 150, 38),
(2490, 150, 39),
(2491, 150, 40),
(2492, 150, 41),
(2493, 150, 42),
(2494, 150, 43),
(2495, 150, 44),
(2496, 150, 45),
(2497, 150, 46),
(2498, 150, 47),
(2499, 150, 48),
(2500, 150, 49),
(2501, 150, 50),
(2502, 151, 1),
(2503, 151, 2),
(2504, 151, 3),
(2505, 151, 4),
(2506, 151, 5),
(2507, 151, 6),
(2508, 151, 7),
(2509, 151, 8),
(2510, 151, 9),
(2511, 151, 10),
(2512, 151, 11),
(2513, 151, 12),
(2514, 151, 13),
(2515, 151, 14),
(2516, 151, 15),
(2517, 151, 16),
(2518, 151, 17),
(2519, 151, 18),
(2520, 151, 19),
(2521, 151, 20),
(2522, 151, 21),
(2523, 151, 22),
(2524, 151, 23),
(2525, 151, 24),
(2526, 151, 25),
(2527, 151, 26),
(2528, 151, 27),
(2529, 151, 28),
(2530, 151, 29),
(2531, 151, 30),
(2532, 151, 31),
(2533, 151, 32),
(2534, 151, 33),
(2535, 151, 34),
(2536, 151, 35),
(2537, 151, 36),
(2538, 151, 37),
(2539, 151, 38),
(2540, 151, 39),
(2541, 151, 40),
(2542, 151, 41),
(2543, 151, 42),
(2544, 151, 43),
(2545, 151, 44),
(2546, 151, 45),
(2547, 151, 46),
(2548, 151, 47),
(2549, 151, 48),
(2550, 151, 49),
(2551, 151, 50),
(2552, 152, 1),
(2553, 152, 2),
(2554, 152, 3),
(2555, 152, 4),
(2556, 152, 5),
(2557, 152, 6),
(2558, 152, 7),
(2559, 152, 8),
(2560, 152, 9),
(2561, 152, 10),
(2562, 152, 11),
(2563, 152, 12),
(2564, 152, 13),
(2565, 152, 14),
(2566, 152, 15),
(2567, 152, 16),
(2568, 152, 17),
(2569, 152, 18),
(2570, 152, 19),
(2571, 152, 20),
(2572, 152, 21),
(2573, 152, 22),
(2574, 152, 23),
(2575, 152, 24),
(2576, 152, 25),
(2577, 152, 26),
(2578, 152, 27),
(2579, 152, 28),
(2580, 152, 29),
(2581, 152, 30),
(2582, 152, 31),
(2583, 152, 32),
(2584, 152, 33),
(2585, 152, 34),
(2586, 152, 35),
(2587, 152, 36),
(2588, 152, 37),
(2589, 152, 38),
(2590, 152, 39),
(2591, 152, 40),
(2592, 152, 41),
(2593, 152, 42),
(2594, 152, 43),
(2595, 152, 44),
(2596, 152, 45),
(2597, 152, 46),
(2598, 152, 47),
(2599, 152, 48),
(2600, 152, 49),
(2601, 152, 50),
(2602, 153, 1),
(2603, 153, 2),
(2604, 153, 3),
(2605, 153, 4),
(2606, 153, 5),
(2607, 153, 6),
(2608, 153, 7),
(2609, 153, 8),
(2610, 153, 9),
(2611, 153, 10),
(2612, 153, 11),
(2613, 153, 12),
(2614, 153, 13),
(2615, 153, 14),
(2616, 153, 15),
(2617, 153, 16),
(2618, 153, 17),
(2619, 153, 18),
(2620, 153, 19),
(2621, 153, 20),
(2622, 153, 21),
(2623, 153, 22),
(2624, 153, 23),
(2625, 153, 24),
(2626, 153, 25),
(2627, 153, 26),
(2628, 153, 27),
(2629, 153, 28),
(2630, 153, 29),
(2631, 153, 30),
(2632, 153, 31),
(2633, 153, 32),
(2634, 153, 33),
(2635, 153, 34),
(2636, 153, 35),
(2637, 153, 36),
(2638, 153, 37),
(2639, 153, 38),
(2640, 153, 39),
(2641, 153, 40),
(2642, 153, 41),
(2643, 153, 42),
(2644, 153, 43),
(2645, 153, 44),
(2646, 153, 45),
(2647, 153, 46),
(2648, 153, 47),
(2649, 153, 48),
(2650, 153, 49),
(2651, 153, 50),
(2652, 154, 1),
(2653, 154, 2),
(2654, 154, 3),
(2655, 154, 4),
(2656, 154, 5),
(2657, 154, 6),
(2658, 154, 7),
(2659, 154, 8),
(2660, 154, 9),
(2661, 154, 10),
(2662, 154, 11),
(2663, 154, 12),
(2664, 154, 13),
(2665, 154, 14),
(2666, 154, 15),
(2667, 154, 16),
(2668, 154, 17),
(2669, 154, 18),
(2670, 154, 19),
(2671, 154, 20),
(2672, 154, 21),
(2673, 154, 22),
(2674, 154, 23),
(2675, 154, 24),
(2676, 154, 25),
(2677, 154, 26),
(2678, 154, 27),
(2679, 154, 28),
(2680, 154, 29),
(2681, 154, 30),
(2682, 154, 31),
(2683, 154, 32),
(2684, 154, 33),
(2685, 154, 34),
(2686, 154, 35),
(2687, 154, 36),
(2688, 154, 37),
(2689, 154, 38),
(2690, 154, 39),
(2691, 154, 40),
(2692, 154, 41),
(2693, 154, 42),
(2694, 154, 43),
(2695, 154, 44),
(2696, 154, 45),
(2697, 154, 46),
(2698, 154, 47),
(2699, 154, 48),
(2700, 154, 49),
(2701, 154, 50),
(2702, 155, 1),
(2703, 155, 2),
(2704, 155, 3),
(2705, 155, 4),
(2706, 155, 5),
(2707, 155, 6),
(2708, 155, 7),
(2709, 155, 8),
(2710, 155, 9),
(2711, 155, 10),
(2712, 155, 11),
(2713, 155, 12),
(2714, 155, 13),
(2715, 155, 14),
(2716, 155, 15),
(2717, 155, 16),
(2718, 155, 17),
(2719, 155, 18),
(2720, 155, 19),
(2721, 155, 20),
(2722, 155, 21),
(2723, 155, 22),
(2724, 155, 23),
(2725, 155, 24),
(2726, 155, 25),
(2727, 155, 26),
(2728, 155, 27),
(2729, 155, 28),
(2730, 155, 29),
(2731, 155, 30),
(2732, 155, 31),
(2733, 155, 32),
(2734, 155, 33),
(2735, 155, 34),
(2736, 155, 35),
(2737, 155, 36),
(2738, 155, 37),
(2739, 155, 38),
(2740, 155, 39),
(2741, 155, 40),
(2742, 155, 41),
(2743, 155, 42),
(2744, 155, 43),
(2745, 155, 44),
(2746, 155, 45),
(2747, 155, 46),
(2748, 155, 47),
(2749, 155, 48),
(2750, 155, 49),
(2751, 155, 50),
(2752, 156, 1),
(2753, 156, 2),
(2754, 156, 3),
(2755, 156, 4),
(2756, 156, 5),
(2757, 156, 6),
(2758, 156, 7),
(2759, 156, 8),
(2760, 156, 9),
(2761, 156, 10),
(2762, 156, 11),
(2763, 156, 12),
(2764, 156, 13),
(2765, 156, 14),
(2766, 156, 15),
(2767, 156, 16),
(2768, 156, 17),
(2769, 156, 18),
(2770, 156, 19),
(2771, 156, 20),
(2772, 156, 21),
(2773, 156, 22),
(2774, 156, 23),
(2775, 156, 24),
(2776, 156, 25),
(2777, 156, 26),
(2778, 156, 27),
(2779, 156, 28),
(2780, 156, 29),
(2781, 156, 30),
(2782, 156, 31),
(2783, 156, 32),
(2784, 156, 33),
(2785, 156, 34),
(2786, 156, 35),
(2787, 156, 36),
(2788, 156, 37),
(2789, 156, 38),
(2790, 156, 39),
(2791, 156, 40),
(2792, 156, 41),
(2793, 156, 42),
(2794, 156, 43),
(2795, 156, 44),
(2796, 156, 45),
(2797, 156, 46),
(2798, 156, 47),
(2799, 156, 48),
(2800, 156, 49),
(2801, 156, 50),
(2802, 157, 1),
(2803, 157, 2),
(2804, 157, 3),
(2805, 157, 4),
(2806, 157, 5),
(2807, 157, 6),
(2808, 157, 7),
(2809, 157, 8),
(2810, 157, 9),
(2811, 157, 10),
(2812, 157, 11),
(2813, 157, 12),
(2814, 157, 13),
(2815, 157, 14),
(2816, 157, 15),
(2817, 157, 16),
(2818, 157, 17),
(2819, 157, 18),
(2820, 157, 19),
(2821, 157, 20),
(2822, 157, 21),
(2823, 157, 22),
(2824, 157, 23),
(2825, 157, 24),
(2826, 157, 25),
(2827, 157, 26),
(2828, 157, 27),
(2829, 157, 28),
(2830, 157, 29),
(2831, 157, 30),
(2832, 157, 31),
(2833, 157, 32),
(2834, 157, 33),
(2835, 157, 34),
(2836, 157, 35),
(2837, 157, 36),
(2838, 157, 37),
(2839, 157, 38),
(2840, 157, 39),
(2841, 157, 40),
(2842, 157, 41),
(2843, 157, 42),
(2844, 157, 43),
(2845, 157, 44),
(2846, 157, 45),
(2847, 157, 46),
(2848, 157, 47),
(2849, 157, 48),
(2850, 157, 49),
(2851, 157, 50),
(2852, 158, 1),
(2853, 158, 2),
(2854, 158, 3),
(2855, 158, 4),
(2856, 158, 5),
(2857, 158, 6),
(2858, 158, 7),
(2859, 158, 8),
(2860, 158, 9),
(2861, 158, 10),
(2862, 158, 11),
(2863, 158, 12),
(2864, 158, 13),
(2865, 158, 14),
(2866, 158, 15),
(2867, 158, 16),
(2868, 158, 17),
(2869, 158, 18),
(2870, 158, 19),
(2871, 158, 20),
(2872, 158, 21),
(2873, 158, 22),
(2874, 158, 23),
(2875, 158, 24),
(2876, 158, 25),
(2877, 158, 26),
(2878, 158, 27),
(2879, 158, 28),
(2880, 158, 29),
(2881, 158, 30),
(2882, 158, 31),
(2883, 158, 32),
(2884, 158, 33),
(2885, 158, 34),
(2886, 158, 35),
(2887, 158, 36),
(2888, 158, 37),
(2889, 158, 38),
(2890, 158, 39),
(2891, 158, 40),
(2892, 158, 41),
(2893, 158, 42),
(2894, 158, 43),
(2895, 158, 44),
(2896, 158, 45),
(2897, 158, 46),
(2898, 158, 47),
(2899, 158, 48),
(2900, 158, 49),
(2901, 158, 50),
(2902, 159, 1),
(2903, 159, 2),
(2904, 159, 3),
(2905, 159, 4),
(2906, 159, 5),
(2907, 159, 6),
(2908, 159, 7),
(2909, 159, 8),
(2910, 159, 9),
(2911, 159, 10),
(2912, 159, 11),
(2913, 159, 12),
(2914, 159, 13),
(2915, 159, 14),
(2916, 159, 15),
(2917, 159, 16),
(2918, 159, 17),
(2919, 159, 18),
(2920, 159, 19),
(2921, 159, 20),
(2922, 159, 21),
(2923, 159, 22),
(2924, 159, 23),
(2925, 159, 24),
(2926, 159, 25),
(2927, 159, 26),
(2928, 159, 27),
(2929, 159, 28),
(2930, 159, 29),
(2931, 159, 30),
(2932, 159, 31),
(2933, 159, 32),
(2934, 159, 33),
(2935, 159, 34),
(2936, 159, 35),
(2937, 159, 36),
(2938, 159, 37),
(2939, 159, 38),
(2940, 159, 39),
(2941, 159, 40),
(2942, 159, 41),
(2943, 159, 42),
(2944, 159, 43),
(2945, 159, 44),
(2946, 159, 45),
(2947, 159, 46),
(2948, 159, 47),
(2949, 159, 48),
(2950, 159, 49),
(2951, 159, 50),
(2952, 160, 1),
(2953, 160, 2),
(2954, 160, 3),
(2955, 160, 4),
(2956, 160, 5),
(2957, 160, 6),
(2958, 160, 7),
(2959, 160, 8),
(2960, 160, 9),
(2961, 160, 10),
(2962, 160, 11),
(2963, 160, 12),
(2964, 160, 13),
(2965, 160, 14),
(2966, 160, 15),
(2967, 160, 16),
(2968, 160, 17),
(2969, 160, 18),
(2970, 160, 19),
(2971, 160, 20),
(2972, 160, 21),
(2973, 160, 22),
(2974, 160, 23),
(2975, 160, 24),
(2976, 160, 25),
(2977, 160, 26),
(2978, 160, 27),
(2979, 160, 28),
(2980, 160, 29),
(2981, 160, 30),
(2982, 160, 31),
(2983, 160, 32),
(2984, 160, 33),
(2985, 160, 34),
(2986, 160, 35),
(2987, 160, 36),
(2988, 160, 37),
(2989, 160, 38),
(2990, 160, 39),
(2991, 160, 40),
(2992, 160, 41),
(2993, 160, 42),
(2994, 160, 43),
(2995, 160, 44),
(2996, 160, 45),
(2997, 160, 46),
(2998, 160, 47),
(2999, 160, 48),
(3000, 160, 49),
(3001, 160, 50),
(3002, 161, 1),
(3003, 161, 2),
(3004, 161, 3),
(3005, 161, 4),
(3006, 161, 5),
(3007, 161, 6),
(3008, 161, 7),
(3009, 161, 8),
(3010, 161, 9),
(3011, 161, 10),
(3012, 161, 11),
(3013, 161, 12),
(3014, 161, 13),
(3015, 161, 14),
(3016, 161, 15),
(3017, 161, 16),
(3018, 161, 17),
(3019, 161, 18),
(3020, 161, 19),
(3021, 161, 20),
(3022, 161, 21),
(3023, 161, 22),
(3024, 161, 23),
(3025, 161, 24),
(3026, 161, 25),
(3027, 161, 26),
(3028, 161, 27),
(3029, 161, 28),
(3030, 161, 29),
(3031, 161, 30),
(3032, 161, 31),
(3033, 161, 32),
(3034, 161, 33),
(3035, 161, 34),
(3036, 161, 35),
(3037, 161, 36),
(3038, 161, 37),
(3039, 161, 38),
(3040, 161, 39),
(3041, 161, 40),
(3042, 161, 41),
(3043, 161, 42),
(3044, 161, 43),
(3045, 161, 44),
(3046, 161, 45),
(3047, 161, 46),
(3048, 161, 47),
(3049, 161, 48),
(3050, 161, 49),
(3051, 161, 50),
(3052, 162, 1),
(3053, 162, 2),
(3054, 162, 3),
(3055, 162, 4),
(3056, 162, 5),
(3057, 162, 6),
(3058, 162, 7),
(3059, 162, 8),
(3060, 162, 9),
(3061, 162, 10),
(3062, 162, 11),
(3063, 162, 12),
(3064, 162, 13),
(3065, 162, 14),
(3066, 162, 15),
(3067, 162, 16),
(3068, 162, 17),
(3069, 162, 18),
(3070, 162, 19),
(3071, 162, 20),
(3072, 162, 21),
(3073, 162, 22),
(3074, 162, 23),
(3075, 162, 24),
(3076, 162, 25),
(3077, 162, 26),
(3078, 162, 27),
(3079, 162, 28),
(3080, 162, 29),
(3081, 162, 30),
(3082, 162, 31),
(3083, 162, 32),
(3084, 162, 33),
(3085, 162, 34),
(3086, 162, 35),
(3087, 162, 36),
(3088, 162, 37),
(3089, 162, 38),
(3090, 162, 39),
(3091, 162, 40),
(3092, 162, 41),
(3093, 162, 42),
(3094, 162, 43),
(3095, 162, 44),
(3096, 162, 45),
(3097, 162, 46),
(3098, 162, 47),
(3099, 162, 48),
(3100, 162, 49),
(3101, 162, 50),
(3102, 163, 1),
(3103, 163, 2),
(3104, 163, 3),
(3105, 163, 4),
(3106, 163, 5),
(3107, 163, 6),
(3108, 163, 7),
(3109, 163, 8),
(3110, 163, 9),
(3111, 163, 10),
(3112, 163, 11),
(3113, 163, 12),
(3114, 163, 13),
(3115, 163, 14),
(3116, 163, 15),
(3117, 163, 16),
(3118, 163, 17),
(3119, 163, 18),
(3120, 163, 19),
(3121, 163, 20),
(3122, 163, 21),
(3123, 163, 22),
(3124, 163, 23),
(3125, 163, 24),
(3126, 163, 25),
(3127, 163, 26),
(3128, 163, 27),
(3129, 163, 28),
(3130, 163, 29),
(3131, 163, 30),
(3132, 163, 31),
(3133, 163, 32),
(3134, 163, 33),
(3135, 163, 34),
(3136, 163, 35),
(3137, 163, 36),
(3138, 163, 37),
(3139, 163, 38),
(3140, 163, 39),
(3141, 163, 40),
(3142, 163, 41),
(3143, 163, 42),
(3144, 163, 43),
(3145, 163, 44),
(3146, 163, 45),
(3147, 163, 46),
(3148, 163, 47),
(3149, 163, 48),
(3150, 163, 49),
(3151, 163, 50),
(3152, 164, 1),
(3153, 164, 2),
(3154, 164, 3),
(3155, 164, 4),
(3156, 164, 5),
(3157, 164, 6),
(3158, 164, 7),
(3159, 164, 8),
(3160, 164, 9),
(3161, 164, 10),
(3162, 164, 11),
(3163, 164, 12),
(3164, 164, 13),
(3165, 164, 14),
(3166, 164, 15),
(3167, 164, 16),
(3168, 164, 17),
(3169, 164, 18),
(3170, 164, 19),
(3171, 164, 20),
(3172, 164, 21),
(3173, 164, 22),
(3174, 164, 23),
(3175, 164, 24),
(3176, 164, 25),
(3177, 164, 26),
(3178, 164, 27),
(3179, 164, 28),
(3180, 164, 29),
(3181, 164, 30),
(3182, 164, 31),
(3183, 164, 32),
(3184, 164, 33),
(3185, 164, 34),
(3186, 164, 35),
(3187, 164, 36),
(3188, 164, 37),
(3189, 164, 38),
(3190, 164, 39),
(3191, 164, 40),
(3192, 164, 41),
(3193, 164, 42),
(3194, 164, 43),
(3195, 164, 44),
(3196, 164, 45),
(3197, 164, 46),
(3198, 164, 47),
(3199, 164, 48),
(3200, 164, 49),
(3201, 164, 50),
(3202, 165, 1),
(3203, 165, 2),
(3204, 165, 3),
(3205, 165, 4),
(3206, 165, 5),
(3207, 165, 6),
(3208, 165, 7),
(3209, 165, 8),
(3210, 165, 9),
(3211, 165, 10),
(3212, 165, 11),
(3213, 165, 12),
(3214, 165, 13),
(3215, 165, 14),
(3216, 165, 15),
(3217, 165, 16),
(3218, 165, 17),
(3219, 165, 18),
(3220, 165, 19),
(3221, 165, 20),
(3222, 165, 21),
(3223, 165, 22),
(3224, 165, 23),
(3225, 165, 24),
(3226, 165, 25),
(3227, 165, 26),
(3228, 165, 27),
(3229, 165, 28),
(3230, 165, 29),
(3231, 165, 30),
(3232, 165, 31),
(3233, 165, 32),
(3234, 165, 33),
(3235, 165, 34),
(3236, 165, 35),
(3237, 165, 36),
(3238, 165, 37),
(3239, 165, 38),
(3240, 165, 39),
(3241, 165, 40),
(3242, 165, 41),
(3243, 165, 42),
(3244, 165, 43),
(3245, 165, 44),
(3246, 165, 45),
(3247, 165, 46),
(3248, 165, 47),
(3249, 165, 48),
(3250, 165, 49),
(3251, 165, 50),
(3252, 166, 1),
(3253, 166, 2),
(3254, 166, 3),
(3255, 166, 4),
(3256, 166, 5),
(3257, 166, 6),
(3258, 166, 7),
(3259, 166, 8),
(3260, 166, 9),
(3261, 166, 10),
(3262, 166, 11),
(3263, 166, 12),
(3264, 166, 13),
(3265, 166, 14),
(3266, 166, 15),
(3267, 166, 16),
(3268, 166, 17),
(3269, 166, 18),
(3270, 166, 19),
(3271, 166, 20),
(3272, 166, 21),
(3273, 166, 22),
(3274, 166, 23),
(3275, 166, 24),
(3276, 166, 25),
(3277, 166, 26),
(3278, 166, 27),
(3279, 166, 28),
(3280, 166, 29),
(3281, 166, 30),
(3282, 166, 31),
(3283, 166, 32),
(3284, 166, 33),
(3285, 166, 34),
(3286, 166, 35),
(3287, 166, 36),
(3288, 166, 37),
(3289, 166, 38),
(3290, 166, 39),
(3291, 166, 40),
(3292, 166, 41),
(3293, 166, 42),
(3294, 166, 43),
(3295, 166, 44),
(3296, 166, 45),
(3297, 166, 46),
(3298, 166, 47),
(3299, 166, 48),
(3300, 166, 49),
(3301, 166, 50),
(3302, 167, 1),
(3303, 167, 2),
(3304, 167, 3),
(3305, 167, 4),
(3306, 167, 5),
(3307, 167, 6),
(3308, 167, 7),
(3309, 167, 8),
(3310, 167, 9),
(3311, 167, 10),
(3312, 167, 11),
(3313, 167, 12),
(3314, 167, 13),
(3315, 167, 14),
(3316, 167, 15),
(3317, 167, 16),
(3318, 167, 17),
(3319, 167, 18),
(3320, 167, 19),
(3321, 167, 20),
(3322, 167, 21),
(3323, 167, 22),
(3324, 167, 23),
(3325, 167, 24),
(3326, 167, 25),
(3327, 167, 26),
(3328, 167, 27),
(3329, 167, 28),
(3330, 167, 29),
(3331, 167, 30),
(3332, 167, 31),
(3333, 167, 32),
(3334, 167, 33),
(3335, 167, 34),
(3336, 167, 35),
(3337, 167, 36),
(3338, 167, 37),
(3339, 167, 38),
(3340, 167, 39),
(3341, 167, 40),
(3342, 167, 41),
(3343, 167, 42),
(3344, 167, 43),
(3345, 167, 44),
(3346, 167, 45),
(3347, 167, 46),
(3348, 167, 47),
(3349, 167, 48),
(3350, 167, 49),
(3351, 167, 50),
(3352, 168, 1),
(3353, 168, 2),
(3354, 168, 3),
(3355, 168, 4),
(3356, 168, 5),
(3357, 168, 6),
(3358, 168, 7),
(3359, 168, 8),
(3360, 168, 9),
(3361, 168, 10),
(3362, 168, 11),
(3363, 168, 12),
(3364, 168, 13),
(3365, 168, 14),
(3366, 168, 15),
(3367, 168, 16),
(3368, 168, 17),
(3369, 168, 18),
(3370, 168, 19),
(3371, 168, 20),
(3372, 168, 21),
(3373, 168, 22),
(3374, 168, 23),
(3375, 168, 24),
(3376, 168, 25),
(3377, 168, 26),
(3378, 168, 27),
(3379, 168, 28),
(3380, 168, 29),
(3381, 168, 30),
(3382, 168, 31),
(3383, 168, 32),
(3384, 168, 33),
(3385, 168, 34),
(3386, 168, 35),
(3387, 168, 36),
(3388, 168, 37),
(3389, 168, 38),
(3390, 168, 39),
(3391, 168, 40),
(3392, 168, 41),
(3393, 168, 42),
(3394, 168, 43),
(3395, 168, 44),
(3396, 168, 45),
(3397, 168, 46),
(3398, 168, 47),
(3399, 168, 48),
(3400, 168, 49),
(3401, 168, 50),
(3402, 169, 1),
(3403, 169, 2),
(3404, 169, 3),
(3405, 169, 4),
(3406, 169, 5),
(3407, 169, 6),
(3408, 169, 7),
(3409, 169, 8),
(3410, 169, 9),
(3411, 169, 10),
(3412, 169, 11),
(3413, 169, 12),
(3414, 169, 13),
(3415, 169, 14),
(3416, 169, 15),
(3417, 169, 16),
(3418, 169, 17),
(3419, 169, 18),
(3420, 169, 19),
(3421, 169, 20),
(3422, 169, 21),
(3423, 169, 22),
(3424, 169, 23),
(3425, 169, 24),
(3426, 169, 25),
(3427, 169, 26),
(3428, 169, 27),
(3429, 169, 28),
(3430, 169, 29),
(3431, 169, 30),
(3432, 169, 31),
(3433, 169, 32),
(3434, 169, 33),
(3435, 169, 34),
(3436, 169, 35),
(3437, 169, 36),
(3438, 169, 37),
(3439, 169, 38),
(3440, 169, 39),
(3441, 169, 40),
(3442, 169, 41),
(3443, 169, 42),
(3444, 169, 43);
INSERT INTO `seats` (`id`, `compartment_id`, `seat_number`) VALUES
(3445, 169, 44),
(3446, 169, 45),
(3447, 169, 46),
(3448, 169, 47),
(3449, 169, 48),
(3450, 169, 49),
(3451, 169, 50),
(3452, 170, 1),
(3453, 170, 2),
(3454, 170, 3),
(3455, 170, 4),
(3456, 170, 5),
(3457, 170, 6),
(3458, 170, 7),
(3459, 170, 8),
(3460, 170, 9),
(3461, 170, 10),
(3462, 170, 11),
(3463, 170, 12),
(3464, 170, 13),
(3465, 170, 14),
(3466, 170, 15),
(3467, 170, 16),
(3468, 170, 17),
(3469, 170, 18),
(3470, 170, 19),
(3471, 170, 20),
(3472, 170, 21),
(3473, 170, 22),
(3474, 170, 23),
(3475, 170, 24),
(3476, 170, 25),
(3477, 170, 26),
(3478, 170, 27),
(3479, 170, 28),
(3480, 170, 29),
(3481, 170, 30),
(3482, 170, 31),
(3483, 170, 32),
(3484, 170, 33),
(3485, 170, 34),
(3486, 170, 35),
(3487, 170, 36),
(3488, 170, 37),
(3489, 170, 38),
(3490, 170, 39),
(3491, 170, 40),
(3492, 170, 41),
(3493, 170, 42),
(3494, 170, 43),
(3495, 170, 44),
(3496, 170, 45),
(3497, 170, 46),
(3498, 170, 47),
(3499, 170, 48),
(3500, 170, 49),
(3501, 170, 50),
(3502, 171, 1),
(3503, 171, 2),
(3504, 171, 3),
(3505, 171, 4),
(3506, 171, 5),
(3507, 171, 6),
(3508, 171, 7),
(3509, 171, 8),
(3510, 171, 9),
(3511, 171, 10),
(3512, 171, 11),
(3513, 171, 12),
(3514, 171, 13),
(3515, 171, 14),
(3516, 171, 15),
(3517, 171, 16),
(3518, 171, 17),
(3519, 171, 18),
(3520, 171, 19),
(3521, 171, 20),
(3522, 171, 21),
(3523, 171, 22),
(3524, 171, 23),
(3525, 171, 24),
(3526, 171, 25),
(3527, 171, 26),
(3528, 171, 27),
(3529, 171, 28),
(3530, 171, 29),
(3531, 171, 30),
(3532, 171, 31),
(3533, 171, 32),
(3534, 171, 33),
(3535, 171, 34),
(3536, 171, 35),
(3537, 171, 36),
(3538, 171, 37),
(3539, 171, 38),
(3540, 171, 39),
(3541, 171, 40),
(3542, 171, 41),
(3543, 171, 42),
(3544, 171, 43),
(3545, 171, 44),
(3546, 171, 45),
(3547, 171, 46),
(3548, 171, 47),
(3549, 171, 48),
(3550, 171, 49),
(3551, 171, 50),
(3552, 172, 1),
(3553, 172, 2),
(3554, 172, 3),
(3555, 172, 4),
(3556, 172, 5),
(3557, 172, 6),
(3558, 172, 7),
(3559, 172, 8),
(3560, 172, 9),
(3561, 172, 10),
(3562, 172, 11),
(3563, 172, 12),
(3564, 172, 13),
(3565, 172, 14),
(3566, 172, 15),
(3567, 172, 16),
(3568, 172, 17),
(3569, 172, 18),
(3570, 172, 19),
(3571, 172, 20),
(3572, 172, 21),
(3573, 172, 22),
(3574, 172, 23),
(3575, 172, 24),
(3576, 172, 25),
(3577, 172, 26),
(3578, 172, 27),
(3579, 172, 28),
(3580, 172, 29),
(3581, 172, 30),
(3582, 172, 31),
(3583, 172, 32),
(3584, 172, 33),
(3585, 172, 34),
(3586, 172, 35),
(3587, 172, 36),
(3588, 172, 37),
(3589, 172, 38),
(3590, 172, 39),
(3591, 172, 40),
(3592, 172, 41),
(3593, 172, 42),
(3594, 172, 43),
(3595, 172, 44),
(3596, 172, 45),
(3597, 172, 46),
(3598, 172, 47),
(3599, 172, 48),
(3600, 172, 49),
(3601, 172, 50),
(3602, 173, 1),
(3603, 173, 2),
(3604, 173, 3),
(3605, 173, 4),
(3606, 173, 5),
(3607, 173, 6),
(3608, 173, 7),
(3609, 173, 8),
(3610, 173, 9),
(3611, 173, 10),
(3612, 173, 11),
(3613, 173, 12),
(3614, 173, 13),
(3615, 173, 14),
(3616, 173, 15),
(3617, 173, 16),
(3618, 173, 17),
(3619, 173, 18),
(3620, 173, 19),
(3621, 173, 20),
(3622, 173, 21),
(3623, 173, 22),
(3624, 173, 23),
(3625, 173, 24),
(3626, 173, 25),
(3627, 173, 26),
(3628, 173, 27),
(3629, 173, 28),
(3630, 173, 29),
(3631, 173, 30),
(3632, 173, 31),
(3633, 173, 32),
(3634, 173, 33),
(3635, 173, 34),
(3636, 173, 35),
(3637, 173, 36),
(3638, 173, 37),
(3639, 173, 38),
(3640, 173, 39),
(3641, 173, 40),
(3642, 173, 41),
(3643, 173, 42),
(3644, 173, 43),
(3645, 173, 44),
(3646, 173, 45),
(3647, 173, 46),
(3648, 173, 47),
(3649, 173, 48),
(3650, 173, 49),
(3651, 173, 50),
(3652, 174, 1),
(3653, 174, 2),
(3654, 174, 3),
(3655, 174, 4),
(3656, 174, 5),
(3657, 174, 6),
(3658, 174, 7),
(3659, 174, 8),
(3660, 174, 9),
(3661, 174, 10),
(3662, 174, 11),
(3663, 174, 12),
(3664, 174, 13),
(3665, 174, 14),
(3666, 174, 15),
(3667, 174, 16),
(3668, 174, 17),
(3669, 174, 18),
(3670, 174, 19),
(3671, 174, 20),
(3672, 174, 21),
(3673, 174, 22),
(3674, 174, 23),
(3675, 174, 24),
(3676, 174, 25),
(3677, 174, 26),
(3678, 174, 27),
(3679, 174, 28),
(3680, 174, 29),
(3681, 174, 30),
(3682, 174, 31),
(3683, 174, 32),
(3684, 174, 33),
(3685, 174, 34),
(3686, 174, 35),
(3687, 174, 36),
(3688, 174, 37),
(3689, 174, 38),
(3690, 174, 39),
(3691, 174, 40),
(3692, 174, 41),
(3693, 174, 42),
(3694, 174, 43),
(3695, 174, 44),
(3696, 174, 45),
(3697, 174, 46),
(3698, 174, 47),
(3699, 174, 48),
(3700, 174, 49),
(3701, 174, 50),
(3702, 175, 1),
(3703, 175, 2),
(3704, 175, 3),
(3705, 175, 4),
(3706, 175, 5),
(3707, 175, 6),
(3708, 175, 7),
(3709, 175, 8),
(3710, 175, 9),
(3711, 175, 10),
(3712, 175, 11),
(3713, 175, 12),
(3714, 175, 13),
(3715, 175, 14),
(3716, 175, 15),
(3717, 175, 16),
(3718, 175, 17),
(3719, 175, 18),
(3720, 175, 19),
(3721, 175, 20),
(3722, 175, 21),
(3723, 175, 22),
(3724, 175, 23),
(3725, 175, 24),
(3726, 175, 25),
(3727, 175, 26),
(3728, 175, 27),
(3729, 175, 28),
(3730, 175, 29),
(3731, 175, 30),
(3732, 175, 31),
(3733, 175, 32),
(3734, 175, 33),
(3735, 175, 34),
(3736, 175, 35),
(3737, 175, 36),
(3738, 175, 37),
(3739, 175, 38),
(3740, 175, 39),
(3741, 175, 40),
(3742, 175, 41),
(3743, 175, 42),
(3744, 175, 43),
(3745, 175, 44),
(3746, 175, 45),
(3747, 175, 46),
(3748, 175, 47),
(3749, 175, 48),
(3750, 175, 49),
(3751, 175, 50),
(3752, 176, 1),
(3753, 176, 2),
(3754, 176, 3),
(3755, 176, 4),
(3756, 176, 5),
(3757, 176, 6),
(3758, 176, 7),
(3759, 176, 8),
(3760, 176, 9),
(3761, 176, 10),
(3762, 176, 11),
(3763, 176, 12),
(3764, 176, 13),
(3765, 176, 14),
(3766, 176, 15),
(3767, 176, 16),
(3768, 176, 17),
(3769, 176, 18),
(3770, 176, 19),
(3771, 176, 20),
(3772, 176, 21),
(3773, 176, 22),
(3774, 176, 23),
(3775, 176, 24),
(3776, 176, 25),
(3777, 176, 26),
(3778, 176, 27),
(3779, 176, 28),
(3780, 176, 29),
(3781, 176, 30),
(3782, 176, 31),
(3783, 176, 32),
(3784, 176, 33),
(3785, 176, 34),
(3786, 176, 35),
(3787, 176, 36),
(3788, 176, 37),
(3789, 176, 38),
(3790, 176, 39),
(3791, 176, 40),
(3792, 176, 41),
(3793, 176, 42),
(3794, 176, 43),
(3795, 176, 44),
(3796, 176, 45),
(3797, 176, 46),
(3798, 176, 47),
(3799, 176, 48),
(3800, 176, 49),
(3801, 176, 50),
(3802, 177, 1),
(3803, 177, 2),
(3804, 177, 3),
(3805, 177, 4),
(3806, 177, 5),
(3807, 177, 6),
(3808, 177, 7),
(3809, 177, 8),
(3810, 177, 9),
(3811, 177, 10),
(3812, 177, 11),
(3813, 177, 12),
(3814, 177, 13),
(3815, 177, 14),
(3816, 177, 15),
(3817, 177, 16),
(3818, 177, 17),
(3819, 177, 18),
(3820, 177, 19),
(3821, 177, 20),
(3822, 177, 21),
(3823, 177, 22),
(3824, 177, 23),
(3825, 177, 24),
(3826, 177, 25),
(3827, 177, 26),
(3828, 177, 27),
(3829, 177, 28),
(3830, 177, 29),
(3831, 177, 30),
(3832, 177, 31),
(3833, 177, 32),
(3834, 177, 33),
(3835, 177, 34),
(3836, 177, 35),
(3837, 177, 36),
(3838, 177, 37),
(3839, 177, 38),
(3840, 177, 39),
(3841, 177, 40),
(3842, 177, 41),
(3843, 177, 42),
(3844, 177, 43),
(3845, 177, 44),
(3846, 177, 45),
(3847, 177, 46),
(3848, 177, 47),
(3849, 177, 48),
(3850, 177, 49),
(3851, 177, 50),
(3852, 178, 1),
(3853, 178, 2),
(3854, 178, 3),
(3855, 178, 4),
(3856, 178, 5),
(3857, 178, 6),
(3858, 178, 7),
(3859, 178, 8),
(3860, 178, 9),
(3861, 178, 10),
(3862, 178, 11),
(3863, 178, 12),
(3864, 178, 13),
(3865, 178, 14),
(3866, 178, 15),
(3867, 178, 16),
(3868, 178, 17),
(3869, 178, 18),
(3870, 178, 19),
(3871, 178, 20),
(3872, 178, 21),
(3873, 178, 22),
(3874, 178, 23),
(3875, 178, 24),
(3876, 178, 25),
(3877, 178, 26),
(3878, 178, 27),
(3879, 178, 28),
(3880, 178, 29),
(3881, 178, 30),
(3882, 178, 31),
(3883, 178, 32),
(3884, 178, 33),
(3885, 178, 34),
(3886, 178, 35),
(3887, 178, 36),
(3888, 178, 37),
(3889, 178, 38),
(3890, 178, 39),
(3891, 178, 40),
(3892, 178, 41),
(3893, 178, 42),
(3894, 178, 43),
(3895, 178, 44),
(3896, 178, 45),
(3897, 178, 46),
(3898, 178, 47),
(3899, 178, 48),
(3900, 178, 49),
(3901, 178, 50),
(3902, 179, 1),
(3903, 179, 2),
(3904, 179, 3),
(3905, 179, 4),
(3906, 179, 5),
(3907, 179, 6),
(3908, 179, 7),
(3909, 179, 8),
(3910, 179, 9),
(3911, 179, 10),
(3912, 179, 11),
(3913, 179, 12),
(3914, 179, 13),
(3915, 179, 14),
(3916, 179, 15),
(3917, 179, 16),
(3918, 179, 17),
(3919, 179, 18),
(3920, 179, 19),
(3921, 179, 20),
(3922, 179, 21),
(3923, 179, 22),
(3924, 179, 23),
(3925, 179, 24),
(3926, 179, 25),
(3927, 179, 26),
(3928, 179, 27),
(3929, 179, 28),
(3930, 179, 29),
(3931, 179, 30),
(3932, 179, 31),
(3933, 179, 32),
(3934, 179, 33),
(3935, 179, 34),
(3936, 179, 35),
(3937, 179, 36),
(3938, 179, 37),
(3939, 179, 38),
(3940, 179, 39),
(3941, 179, 40),
(3942, 179, 41),
(3943, 179, 42),
(3944, 179, 43),
(3945, 179, 44),
(3946, 179, 45),
(3947, 179, 46),
(3948, 179, 47),
(3949, 179, 48),
(3950, 179, 49),
(3951, 179, 50),
(3952, 180, 1),
(3953, 180, 2),
(3954, 180, 3),
(3955, 180, 4),
(3956, 180, 5),
(3957, 180, 6),
(3958, 180, 7),
(3959, 180, 8),
(3960, 180, 9),
(3961, 180, 10),
(3962, 180, 11),
(3963, 180, 12),
(3964, 180, 13),
(3965, 180, 14),
(3966, 180, 15),
(3967, 180, 16),
(3968, 180, 17),
(3969, 180, 18),
(3970, 180, 19),
(3971, 180, 20),
(3972, 180, 21),
(3973, 180, 22),
(3974, 180, 23),
(3975, 180, 24),
(3976, 180, 25),
(3977, 180, 26),
(3978, 180, 27),
(3979, 180, 28),
(3980, 180, 29),
(3981, 180, 30),
(3982, 180, 31),
(3983, 180, 32),
(3984, 180, 33),
(3985, 180, 34),
(3986, 180, 35),
(3987, 180, 36),
(3988, 180, 37),
(3989, 180, 38),
(3990, 180, 39),
(3991, 180, 40),
(3992, 180, 41),
(3993, 180, 42),
(3994, 180, 43),
(3995, 180, 44),
(3996, 180, 45),
(3997, 180, 46),
(3998, 180, 47),
(3999, 180, 48),
(4000, 180, 49),
(4001, 180, 50),
(4002, 181, 1),
(4003, 181, 2),
(4004, 181, 3),
(4005, 181, 4),
(4006, 181, 5),
(4007, 181, 6),
(4008, 181, 7),
(4009, 181, 8),
(4010, 181, 9),
(4011, 181, 10),
(4012, 181, 11),
(4013, 181, 12),
(4014, 181, 13),
(4015, 181, 14),
(4016, 181, 15),
(4017, 181, 16),
(4018, 181, 17),
(4019, 181, 18),
(4020, 181, 19),
(4021, 181, 20),
(4022, 181, 21),
(4023, 181, 22),
(4024, 181, 23),
(4025, 181, 24),
(4026, 181, 25),
(4027, 181, 26),
(4028, 181, 27),
(4029, 181, 28),
(4030, 181, 29),
(4031, 181, 30),
(4032, 181, 31),
(4033, 181, 32),
(4034, 181, 33),
(4035, 181, 34),
(4036, 181, 35),
(4037, 181, 36),
(4038, 181, 37),
(4039, 181, 38),
(4040, 181, 39),
(4041, 181, 40),
(4042, 181, 41),
(4043, 181, 42),
(4044, 181, 43),
(4045, 181, 44),
(4046, 181, 45),
(4047, 181, 46),
(4048, 181, 47),
(4049, 181, 48),
(4050, 181, 49),
(4051, 181, 50),
(4052, 182, 1),
(4053, 182, 2),
(4054, 182, 3),
(4055, 182, 4),
(4056, 182, 5),
(4057, 182, 6),
(4058, 182, 7),
(4059, 182, 8),
(4060, 182, 9),
(4061, 182, 10),
(4062, 182, 11),
(4063, 182, 12),
(4064, 182, 13),
(4065, 182, 14),
(4066, 182, 15),
(4067, 182, 16),
(4068, 182, 17),
(4069, 182, 18),
(4070, 182, 19),
(4071, 182, 20),
(4072, 182, 21),
(4073, 182, 22),
(4074, 182, 23),
(4075, 182, 24),
(4076, 182, 25),
(4077, 182, 26),
(4078, 182, 27),
(4079, 182, 28),
(4080, 182, 29),
(4081, 182, 30),
(4082, 182, 31),
(4083, 182, 32),
(4084, 182, 33),
(4085, 182, 34),
(4086, 182, 35),
(4087, 182, 36),
(4088, 182, 37),
(4089, 182, 38),
(4090, 182, 39),
(4091, 182, 40),
(4092, 182, 41),
(4093, 182, 42),
(4094, 182, 43),
(4095, 182, 44),
(4096, 182, 45),
(4097, 182, 46),
(4098, 182, 47),
(4099, 182, 48),
(4100, 182, 49),
(4101, 182, 50),
(4102, 183, 1),
(4103, 183, 2),
(4104, 183, 3),
(4105, 183, 4),
(4106, 183, 5),
(4107, 183, 6),
(4108, 183, 7),
(4109, 183, 8),
(4110, 183, 9),
(4111, 183, 10),
(4112, 183, 11),
(4113, 183, 12),
(4114, 183, 13),
(4115, 183, 14),
(4116, 183, 15),
(4117, 183, 16),
(4118, 183, 17),
(4119, 183, 18),
(4120, 183, 19),
(4121, 183, 20),
(4122, 183, 21),
(4123, 183, 22),
(4124, 183, 23),
(4125, 183, 24),
(4126, 183, 25),
(4127, 183, 26),
(4128, 183, 27),
(4129, 183, 28),
(4130, 183, 29),
(4131, 183, 30),
(4132, 183, 31),
(4133, 183, 32),
(4134, 183, 33),
(4135, 183, 34),
(4136, 183, 35),
(4137, 183, 36),
(4138, 183, 37),
(4139, 183, 38),
(4140, 183, 39),
(4141, 183, 40),
(4142, 183, 41),
(4143, 183, 42),
(4144, 183, 43),
(4145, 183, 44),
(4146, 183, 45),
(4147, 183, 46),
(4148, 183, 47),
(4149, 183, 48),
(4150, 183, 49),
(4151, 183, 50),
(4152, 184, 1),
(4153, 184, 2),
(4154, 184, 3),
(4155, 184, 4),
(4156, 184, 5),
(4157, 184, 6),
(4158, 184, 7),
(4159, 184, 8),
(4160, 184, 9),
(4161, 184, 10),
(4162, 184, 11),
(4163, 184, 12),
(4164, 184, 13),
(4165, 184, 14),
(4166, 184, 15),
(4167, 184, 16),
(4168, 184, 17),
(4169, 184, 18),
(4170, 184, 19),
(4171, 184, 20),
(4172, 184, 21),
(4173, 184, 22),
(4174, 184, 23),
(4175, 184, 24),
(4176, 184, 25),
(4177, 184, 26),
(4178, 184, 27),
(4179, 184, 28),
(4180, 184, 29),
(4181, 184, 30),
(4182, 184, 31),
(4183, 184, 32),
(4184, 184, 33),
(4185, 184, 34),
(4186, 184, 35),
(4187, 184, 36),
(4188, 184, 37),
(4189, 184, 38),
(4190, 184, 39),
(4191, 184, 40),
(4192, 184, 41),
(4193, 184, 42),
(4194, 184, 43),
(4195, 184, 44),
(4196, 184, 45),
(4197, 184, 46),
(4198, 184, 47),
(4199, 184, 48),
(4200, 184, 49),
(4201, 184, 50),
(4202, 185, 1),
(4203, 185, 2),
(4204, 185, 3),
(4205, 185, 4),
(4206, 185, 5),
(4207, 185, 6),
(4208, 185, 7),
(4209, 185, 8),
(4210, 185, 9),
(4211, 185, 10),
(4212, 185, 11),
(4213, 185, 12),
(4214, 185, 13),
(4215, 185, 14),
(4216, 185, 15),
(4217, 185, 16),
(4218, 185, 17),
(4219, 185, 18),
(4220, 185, 19),
(4221, 185, 20),
(4222, 185, 21),
(4223, 185, 22),
(4224, 185, 23),
(4225, 185, 24),
(4226, 185, 25),
(4227, 185, 26),
(4228, 185, 27),
(4229, 185, 28),
(4230, 185, 29),
(4231, 185, 30),
(4232, 185, 31),
(4233, 185, 32),
(4234, 185, 33),
(4235, 185, 34),
(4236, 185, 35),
(4237, 185, 36),
(4238, 185, 37),
(4239, 185, 38),
(4240, 185, 39),
(4241, 185, 40),
(4242, 185, 41),
(4243, 185, 42),
(4244, 185, 43),
(4245, 185, 44),
(4246, 185, 45),
(4247, 185, 46),
(4248, 185, 47),
(4249, 185, 48),
(4250, 185, 49),
(4251, 185, 50),
(4252, 186, 1),
(4253, 186, 2),
(4254, 186, 3),
(4255, 186, 4),
(4256, 186, 5),
(4257, 186, 6),
(4258, 186, 7),
(4259, 186, 8),
(4260, 186, 9),
(4261, 186, 10),
(4262, 186, 11),
(4263, 186, 12),
(4264, 186, 13),
(4265, 186, 14),
(4266, 186, 15),
(4267, 186, 16),
(4268, 186, 17),
(4269, 186, 18),
(4270, 186, 19),
(4271, 186, 20),
(4272, 186, 21),
(4273, 186, 22),
(4274, 186, 23),
(4275, 186, 24),
(4276, 186, 25),
(4277, 186, 26),
(4278, 186, 27),
(4279, 186, 28),
(4280, 186, 29),
(4281, 186, 30),
(4282, 186, 31),
(4283, 186, 32),
(4284, 186, 33),
(4285, 186, 34),
(4286, 186, 35),
(4287, 186, 36),
(4288, 186, 37),
(4289, 186, 38),
(4290, 186, 39),
(4291, 186, 40),
(4292, 186, 41),
(4293, 186, 42),
(4294, 186, 43),
(4295, 186, 44),
(4296, 186, 45),
(4297, 186, 46),
(4298, 186, 47),
(4299, 186, 48),
(4300, 186, 49),
(4301, 186, 50),
(4302, 187, 1),
(4303, 187, 2),
(4304, 187, 3),
(4305, 187, 4),
(4306, 187, 5),
(4307, 187, 6),
(4308, 187, 7),
(4309, 187, 8),
(4310, 187, 9),
(4311, 187, 10),
(4312, 187, 11),
(4313, 187, 12),
(4314, 187, 13),
(4315, 187, 14),
(4316, 187, 15),
(4317, 187, 16),
(4318, 187, 17),
(4319, 187, 18),
(4320, 187, 19),
(4321, 187, 20),
(4322, 187, 21),
(4323, 187, 22),
(4324, 187, 23),
(4325, 187, 24),
(4326, 187, 25),
(4327, 187, 26),
(4328, 187, 27),
(4329, 187, 28),
(4330, 187, 29),
(4331, 187, 30),
(4332, 187, 31),
(4333, 187, 32),
(4334, 187, 33),
(4335, 187, 34),
(4336, 187, 35),
(4337, 187, 36),
(4338, 187, 37),
(4339, 187, 38),
(4340, 187, 39),
(4341, 187, 40),
(4342, 187, 41),
(4343, 187, 42),
(4344, 187, 43),
(4345, 187, 44),
(4346, 187, 45),
(4347, 187, 46),
(4348, 187, 47),
(4349, 187, 48),
(4350, 187, 49),
(4351, 187, 50),
(4352, 188, 1),
(4353, 188, 2),
(4354, 188, 3),
(4355, 188, 4),
(4356, 188, 5),
(4357, 188, 6),
(4358, 188, 7),
(4359, 188, 8),
(4360, 188, 9),
(4361, 188, 10),
(4362, 188, 11),
(4363, 188, 12),
(4364, 188, 13),
(4365, 188, 14),
(4366, 188, 15),
(4367, 188, 16),
(4368, 188, 17),
(4369, 188, 18),
(4370, 188, 19),
(4371, 188, 20),
(4372, 188, 21),
(4373, 188, 22),
(4374, 188, 23),
(4375, 188, 24),
(4376, 188, 25),
(4377, 188, 26),
(4378, 188, 27),
(4379, 188, 28),
(4380, 188, 29),
(4381, 188, 30),
(4382, 188, 31),
(4383, 188, 32),
(4384, 188, 33),
(4385, 188, 34),
(4386, 188, 35),
(4387, 188, 36),
(4388, 188, 37),
(4389, 188, 38),
(4390, 188, 39),
(4391, 188, 40),
(4392, 188, 41),
(4393, 188, 42),
(4394, 188, 43),
(4395, 188, 44),
(4396, 188, 45),
(4397, 188, 46),
(4398, 188, 47),
(4399, 188, 48),
(4400, 188, 49),
(4401, 188, 50),
(4402, 189, 1),
(4403, 189, 2),
(4404, 189, 3),
(4405, 189, 4),
(4406, 189, 5),
(4407, 189, 6),
(4408, 189, 7),
(4409, 189, 8),
(4410, 189, 9),
(4411, 189, 10),
(4412, 189, 11),
(4413, 189, 12),
(4414, 189, 13),
(4415, 189, 14),
(4416, 189, 15),
(4417, 189, 16),
(4418, 189, 17),
(4419, 189, 18),
(4420, 189, 19),
(4421, 189, 20),
(4422, 189, 21),
(4423, 189, 22),
(4424, 189, 23),
(4425, 189, 24),
(4426, 189, 25),
(4427, 189, 26),
(4428, 189, 27),
(4429, 189, 28),
(4430, 189, 29),
(4431, 189, 30),
(4432, 189, 31),
(4433, 189, 32),
(4434, 189, 33),
(4435, 189, 34),
(4436, 189, 35),
(4437, 189, 36),
(4438, 189, 37),
(4439, 189, 38),
(4440, 189, 39),
(4441, 189, 40),
(4442, 189, 41),
(4443, 189, 42),
(4444, 189, 43),
(4445, 189, 44),
(4446, 189, 45),
(4447, 189, 46),
(4448, 189, 47),
(4449, 189, 48),
(4450, 189, 49),
(4451, 189, 50),
(4452, 190, 1),
(4453, 190, 2),
(4454, 190, 3),
(4455, 190, 4),
(4456, 190, 5),
(4457, 190, 6),
(4458, 190, 7),
(4459, 190, 8),
(4460, 190, 9),
(4461, 190, 10),
(4462, 190, 11),
(4463, 190, 12),
(4464, 190, 13),
(4465, 190, 14),
(4466, 190, 15),
(4467, 190, 16),
(4468, 190, 17),
(4469, 190, 18),
(4470, 190, 19),
(4471, 190, 20),
(4472, 190, 21),
(4473, 190, 22),
(4474, 190, 23),
(4475, 190, 24),
(4476, 190, 25),
(4477, 190, 26),
(4478, 190, 27),
(4479, 190, 28),
(4480, 190, 29),
(4481, 190, 30),
(4482, 190, 31),
(4483, 190, 32),
(4484, 190, 33),
(4485, 190, 34),
(4486, 190, 35),
(4487, 190, 36),
(4488, 190, 37),
(4489, 190, 38),
(4490, 190, 39),
(4491, 190, 40),
(4492, 190, 41),
(4493, 190, 42),
(4494, 190, 43),
(4495, 190, 44),
(4496, 190, 45),
(4497, 190, 46),
(4498, 190, 47),
(4499, 190, 48),
(4500, 190, 49),
(4501, 190, 50),
(4502, 191, 1),
(4503, 191, 2),
(4504, 191, 3),
(4505, 191, 4),
(4506, 191, 5),
(4507, 191, 6),
(4508, 191, 7),
(4509, 191, 8),
(4510, 191, 9),
(4511, 191, 10),
(4512, 191, 11),
(4513, 191, 12),
(4514, 191, 13),
(4515, 191, 14),
(4516, 191, 15),
(4517, 191, 16),
(4518, 191, 17),
(4519, 191, 18),
(4520, 191, 19),
(4521, 191, 20),
(4522, 191, 21),
(4523, 191, 22),
(4524, 191, 23),
(4525, 191, 24),
(4526, 191, 25),
(4527, 191, 26),
(4528, 191, 27),
(4529, 191, 28),
(4530, 191, 29),
(4531, 191, 30),
(4532, 191, 31),
(4533, 191, 32),
(4534, 191, 33),
(4535, 191, 34),
(4536, 191, 35),
(4537, 191, 36),
(4538, 191, 37),
(4539, 191, 38),
(4540, 191, 39),
(4541, 191, 40),
(4542, 191, 41),
(4543, 191, 42),
(4544, 191, 43),
(4545, 191, 44),
(4546, 191, 45),
(4547, 191, 46),
(4548, 191, 47),
(4549, 191, 48),
(4550, 191, 49),
(4551, 191, 50),
(4552, 192, 1),
(4553, 192, 2),
(4554, 192, 3),
(4555, 192, 4),
(4556, 192, 5),
(4557, 192, 6),
(4558, 192, 7),
(4559, 192, 8),
(4560, 192, 9),
(4561, 192, 10),
(4562, 192, 11),
(4563, 192, 12),
(4564, 192, 13),
(4565, 192, 14),
(4566, 192, 15),
(4567, 192, 16),
(4568, 192, 17),
(4569, 192, 18),
(4570, 192, 19),
(4571, 192, 20),
(4572, 192, 21),
(4573, 192, 22),
(4574, 192, 23),
(4575, 192, 24),
(4576, 192, 25),
(4577, 192, 26),
(4578, 192, 27),
(4579, 192, 28),
(4580, 192, 29),
(4581, 192, 30),
(4582, 192, 31),
(4583, 192, 32),
(4584, 192, 33),
(4585, 192, 34),
(4586, 192, 35),
(4587, 192, 36),
(4588, 192, 37),
(4589, 192, 38),
(4590, 192, 39),
(4591, 192, 40),
(4592, 192, 41),
(4593, 192, 42),
(4594, 192, 43),
(4595, 192, 44),
(4596, 192, 45),
(4597, 192, 46),
(4598, 192, 47),
(4599, 192, 48),
(4600, 192, 49),
(4601, 192, 50),
(4602, 193, 1),
(4603, 193, 2),
(4604, 193, 3),
(4605, 193, 4),
(4606, 193, 5),
(4607, 193, 6),
(4608, 193, 7),
(4609, 193, 8),
(4610, 193, 9),
(4611, 193, 10),
(4612, 193, 11),
(4613, 193, 12),
(4614, 193, 13),
(4615, 193, 14),
(4616, 193, 15),
(4617, 193, 16),
(4618, 193, 17),
(4619, 193, 18),
(4620, 193, 19),
(4621, 193, 20),
(4622, 193, 21),
(4623, 193, 22),
(4624, 193, 23),
(4625, 193, 24),
(4626, 193, 25),
(4627, 193, 26),
(4628, 193, 27),
(4629, 193, 28),
(4630, 193, 29),
(4631, 193, 30),
(4632, 193, 31),
(4633, 193, 32),
(4634, 193, 33),
(4635, 193, 34),
(4636, 193, 35),
(4637, 193, 36),
(4638, 193, 37),
(4639, 193, 38),
(4640, 193, 39),
(4641, 193, 40),
(4642, 193, 41),
(4643, 193, 42),
(4644, 193, 43),
(4645, 193, 44),
(4646, 193, 45),
(4647, 193, 46),
(4648, 193, 47),
(4649, 193, 48),
(4650, 193, 49),
(4651, 193, 50),
(4652, 194, 1),
(4653, 194, 2),
(4654, 194, 3),
(4655, 194, 4),
(4656, 194, 5),
(4657, 194, 6),
(4658, 194, 7),
(4659, 194, 8),
(4660, 194, 9),
(4661, 194, 10),
(4662, 194, 11),
(4663, 194, 12),
(4664, 194, 13),
(4665, 194, 14),
(4666, 194, 15),
(4667, 194, 16),
(4668, 194, 17),
(4669, 194, 18),
(4670, 194, 19),
(4671, 194, 20),
(4672, 194, 21),
(4673, 194, 22),
(4674, 194, 23),
(4675, 194, 24),
(4676, 194, 25),
(4677, 194, 26),
(4678, 194, 27),
(4679, 194, 28),
(4680, 194, 29),
(4681, 194, 30),
(4682, 194, 31),
(4683, 194, 32),
(4684, 194, 33),
(4685, 194, 34),
(4686, 194, 35),
(4687, 194, 36),
(4688, 194, 37),
(4689, 194, 38),
(4690, 194, 39),
(4691, 194, 40),
(4692, 194, 41),
(4693, 194, 42),
(4694, 194, 43),
(4695, 194, 44),
(4696, 194, 45),
(4697, 194, 46),
(4698, 194, 47),
(4699, 194, 48),
(4700, 194, 49),
(4701, 194, 50),
(4702, 195, 1),
(4703, 195, 2),
(4704, 195, 3),
(4705, 195, 4),
(4706, 195, 5),
(4707, 195, 6),
(4708, 195, 7),
(4709, 195, 8),
(4710, 195, 9),
(4711, 195, 10),
(4712, 195, 11),
(4713, 195, 12),
(4714, 195, 13),
(4715, 195, 14),
(4716, 195, 15),
(4717, 195, 16),
(4718, 195, 17),
(4719, 195, 18),
(4720, 195, 19),
(4721, 195, 20),
(4722, 195, 21),
(4723, 195, 22),
(4724, 195, 23),
(4725, 195, 24),
(4726, 195, 25),
(4727, 195, 26),
(4728, 195, 27),
(4729, 195, 28),
(4730, 195, 29),
(4731, 195, 30),
(4732, 195, 31),
(4733, 195, 32),
(4734, 195, 33),
(4735, 195, 34),
(4736, 195, 35),
(4737, 195, 36),
(4738, 195, 37),
(4739, 195, 38),
(4740, 195, 39),
(4741, 195, 40),
(4742, 195, 41),
(4743, 195, 42),
(4744, 195, 43),
(4745, 195, 44),
(4746, 195, 45),
(4747, 195, 46),
(4748, 195, 47),
(4749, 195, 48),
(4750, 195, 49),
(4751, 195, 50),
(4752, 196, 1),
(4753, 196, 2),
(4754, 196, 3),
(4755, 196, 4),
(4756, 196, 5),
(4757, 196, 6),
(4758, 196, 7),
(4759, 196, 8),
(4760, 196, 9),
(4761, 196, 10),
(4762, 196, 11),
(4763, 196, 12),
(4764, 196, 13),
(4765, 196, 14),
(4766, 196, 15),
(4767, 196, 16),
(4768, 196, 17),
(4769, 196, 18),
(4770, 196, 19),
(4771, 196, 20),
(4772, 196, 21),
(4773, 196, 22),
(4774, 196, 23),
(4775, 196, 24),
(4776, 196, 25),
(4777, 196, 26),
(4778, 196, 27),
(4779, 196, 28),
(4780, 196, 29),
(4781, 196, 30),
(4782, 196, 31),
(4783, 196, 32),
(4784, 196, 33),
(4785, 196, 34),
(4786, 196, 35),
(4787, 196, 36),
(4788, 196, 37),
(4789, 196, 38),
(4790, 196, 39),
(4791, 196, 40),
(4792, 196, 41),
(4793, 196, 42),
(4794, 196, 43),
(4795, 196, 44),
(4796, 196, 45),
(4797, 196, 46),
(4798, 196, 47),
(4799, 196, 48),
(4800, 196, 49),
(4801, 196, 50),
(4802, 197, 1),
(4803, 197, 2),
(4804, 197, 3),
(4805, 197, 4),
(4806, 197, 5),
(4807, 197, 6),
(4808, 197, 7),
(4809, 197, 8),
(4810, 197, 9),
(4811, 197, 10),
(4812, 197, 11),
(4813, 197, 12),
(4814, 197, 13),
(4815, 197, 14),
(4816, 197, 15),
(4817, 197, 16),
(4818, 197, 17),
(4819, 197, 18),
(4820, 197, 19),
(4821, 197, 20),
(4822, 197, 21),
(4823, 197, 22),
(4824, 197, 23),
(4825, 197, 24),
(4826, 197, 25),
(4827, 197, 26),
(4828, 197, 27),
(4829, 197, 28),
(4830, 197, 29),
(4831, 197, 30),
(4832, 197, 31),
(4833, 197, 32),
(4834, 197, 33),
(4835, 197, 34),
(4836, 197, 35),
(4837, 197, 36),
(4838, 197, 37),
(4839, 197, 38),
(4840, 197, 39),
(4841, 197, 40),
(4842, 197, 41),
(4843, 197, 42),
(4844, 197, 43),
(4845, 197, 44),
(4846, 197, 45),
(4847, 197, 46),
(4848, 197, 47),
(4849, 197, 48),
(4850, 197, 49),
(4851, 197, 50),
(4852, 198, 1),
(4853, 198, 2),
(4854, 198, 3),
(4855, 198, 4),
(4856, 198, 5),
(4857, 198, 6),
(4858, 198, 7),
(4859, 198, 8),
(4860, 198, 9),
(4861, 198, 10),
(4862, 198, 11),
(4863, 198, 12),
(4864, 198, 13),
(4865, 198, 14),
(4866, 198, 15),
(4867, 198, 16),
(4868, 198, 17),
(4869, 198, 18),
(4870, 198, 19),
(4871, 198, 20),
(4872, 198, 21),
(4873, 198, 22),
(4874, 198, 23),
(4875, 198, 24),
(4876, 198, 25),
(4877, 198, 26),
(4878, 198, 27),
(4879, 198, 28),
(4880, 198, 29),
(4881, 198, 30),
(4882, 198, 31),
(4883, 198, 32),
(4884, 198, 33),
(4885, 198, 34),
(4886, 198, 35),
(4887, 198, 36),
(4888, 198, 37),
(4889, 198, 38),
(4890, 198, 39),
(4891, 198, 40),
(4892, 198, 41),
(4893, 198, 42),
(4894, 198, 43),
(4895, 198, 44),
(4896, 198, 45),
(4897, 198, 46),
(4898, 198, 47),
(4899, 198, 48),
(4900, 198, 49),
(4901, 198, 50),
(4902, 199, 1),
(4903, 199, 2),
(4904, 199, 3),
(4905, 199, 4),
(4906, 199, 5),
(4907, 199, 6),
(4908, 199, 7),
(4909, 199, 8),
(4910, 199, 9),
(4911, 199, 10),
(4912, 199, 11),
(4913, 199, 12),
(4914, 199, 13),
(4915, 199, 14),
(4916, 199, 15),
(4917, 199, 16),
(4918, 199, 17),
(4919, 199, 18),
(4920, 199, 19),
(4921, 199, 20),
(4922, 199, 21),
(4923, 199, 22),
(4924, 199, 23),
(4925, 199, 24),
(4926, 199, 25),
(4927, 199, 26),
(4928, 199, 27),
(4929, 199, 28),
(4930, 199, 29),
(4931, 199, 30),
(4932, 199, 31),
(4933, 199, 32),
(4934, 199, 33),
(4935, 199, 34),
(4936, 199, 35),
(4937, 199, 36),
(4938, 199, 37),
(4939, 199, 38),
(4940, 199, 39),
(4941, 199, 40),
(4942, 199, 41),
(4943, 199, 42),
(4944, 199, 43),
(4945, 199, 44),
(4946, 199, 45),
(4947, 199, 46),
(4948, 199, 47),
(4949, 199, 48),
(4950, 199, 49),
(4951, 199, 50),
(4952, 200, 1),
(4953, 200, 2),
(4954, 200, 3),
(4955, 200, 4),
(4956, 200, 5),
(4957, 200, 6),
(4958, 200, 7),
(4959, 200, 8),
(4960, 200, 9),
(4961, 200, 10),
(4962, 200, 11),
(4963, 200, 12),
(4964, 200, 13),
(4965, 200, 14),
(4966, 200, 15),
(4967, 200, 16),
(4968, 200, 17),
(4969, 200, 18),
(4970, 200, 19),
(4971, 200, 20),
(4972, 200, 21),
(4973, 200, 22),
(4974, 200, 23),
(4975, 200, 24),
(4976, 200, 25),
(4977, 200, 26),
(4978, 200, 27),
(4979, 200, 28),
(4980, 200, 29),
(4981, 200, 30),
(4982, 200, 31),
(4983, 200, 32),
(4984, 200, 33),
(4985, 200, 34),
(4986, 200, 35),
(4987, 200, 36),
(4988, 200, 37),
(4989, 200, 38),
(4990, 200, 39),
(4991, 200, 40),
(4992, 200, 41),
(4993, 200, 42),
(4994, 200, 43),
(4995, 200, 44),
(4996, 200, 45),
(4997, 200, 46),
(4998, 200, 47),
(4999, 200, 48),
(5000, 200, 49),
(5001, 200, 50);

-- --------------------------------------------------------

--
-- Table structure for table `stations`
--

CREATE TABLE `stations` (
  `id` int(11) NOT NULL,
  `station_name` varchar(255) NOT NULL,
  `district` varchar(255) NOT NULL
) ENGINE=InnoDB DEFAULT CHARSET=utf8mb4 COLLATE=utf8mb4_general_ci;

--
-- Dumping data for table `stations`
--

INSERT INTO `stations` (`id`, `station_name`, `district`) VALUES
(1, 'Dhaka Railway Station', 'Dhaka'),
(2, 'Chittagong Railway Station', 'Chittagong'),
(3, 'Rajshahi Railway Station', 'Rajshahi'),
(4, 'Khulna Railway Station', 'Khulna'),
(5, 'Sylhet Railway Station', 'Sylhet'),
(6, 'Barisal Railway Station', 'Barisal'),
(7, 'Rangpur Railway Station', 'Rangpur'),
(8, 'Comilla Railway Station', 'Comilla'),
(9, 'Mymensingh Railway Station', 'Mymensingh'),
(10, 'Dinajpur Railway Station', 'Dinajpur');

-- --------------------------------------------------------

--
-- Table structure for table `trains`
--

CREATE TABLE `trains` (
  `train_id` int(11) NOT NULL,
  `train_name` varchar(255) NOT NULL
) ENGINE=InnoDB DEFAULT CHARSET=utf8mb4 COLLATE=utf8mb4_general_ci;

--
-- Dumping data for table `trains`
--

INSERT INTO `trains` (`train_id`, `train_name`) VALUES
(1, 'Subarna Express'),
(2, 'Mohanagar Provati'),
(3, 'Chittagong Mail'),
(4, 'Sundarban Express'),
(5, 'Padma Express'),
(6, 'Tista Express'),
(7, 'Kapotaskhha Express'),
(8, 'Sagordari Express'),
(9, 'Nilsagar Express'),
(10, 'Drutajan Express');

--
-- Indexes for dumped tables
--

--
-- Indexes for table `compartments`
--
ALTER TABLE `compartments`
  ADD PRIMARY KEY (`compartment_id`),
  ADD KEY `train_id` (`train_id`);

--
-- Indexes for table `reservations`
--
ALTER TABLE `reservations`
  ADD PRIMARY KEY (`id`),
  ADD KEY `train_id` (`train_id`),
  ADD KEY `compartment_id` (`compartment_id`);

--
-- Indexes for table `seats`
--
ALTER TABLE `seats`
  ADD PRIMARY KEY (`id`),
  ADD KEY `compartment_id` (`compartment_id`);

--
-- Indexes for table `stations`
--
ALTER TABLE `stations`
  ADD PRIMARY KEY (`id`);

--
-- Indexes for table `trains`
--
ALTER TABLE `trains`
  ADD PRIMARY KEY (`train_id`);

--
-- AUTO_INCREMENT for dumped tables
--

--
-- AUTO_INCREMENT for table `compartments`
--
ALTER TABLE `compartments`
  MODIFY `compartment_id` int(11) NOT NULL AUTO_INCREMENT, AUTO_INCREMENT=201;

--
-- AUTO_INCREMENT for table `reservations`
--
ALTER TABLE `reservations`
  MODIFY `id` int(11) NOT NULL AUTO_INCREMENT, AUTO_INCREMENT=9;

--
-- AUTO_INCREMENT for table `seats`
--
ALTER TABLE `seats`
  MODIFY `id` int(11) NOT NULL AUTO_INCREMENT, AUTO_INCREMENT=5002;

--
-- AUTO_INCREMENT for table `stations`
--
ALTER TABLE `stations`
  MODIFY `id` int(11) NOT NULL AUTO_INCREMENT, AUTO_INCREMENT=11;

--
-- AUTO_INCREMENT for table `trains`
--
ALTER TABLE `trains`
  MODIFY `train_id` int(11) NOT NULL AUTO_INCREMENT, AUTO_INCREMENT=11;

--
-- Constraints for dumped tables
--

--
-- Constraints for table `compartments`
--
ALTER TABLE `compartments`
  ADD CONSTRAINT `compartments_ibfk_1` FOREIGN KEY (`train_id`) REFERENCES `trains` (`train_id`);

--
-- Constraints for table `seats`
--
ALTER TABLE `seats`
  ADD CONSTRAINT `seats_ibfk_1` FOREIGN KEY (`compartment_id`) REFERENCES `compartments` (`compartment_id`);
COMMIT;

/*!40101 SET CHARACTER_SET_CLIENT=@OLD_CHARACTER_SET_CLIENT */;
/*!40101 SET CHARACTER_SET_RESULTS=@OLD_CHARACTER_SET_RESULTS */;
/*!40101 SET COLLATION_CONNECTION=@OLD_COLLATION_CONNECTION */;
